Date,Date value,Open,High,Low,Close,Adj Close,Volume
28-10-2015,42305,53.540001,53.98,52.860001,53.98,49.056763,47000800
29-10-2015,42306,53.540001,53.830002,53.220001,53.360001,48.493317,30202100
30-10-2015,42307,53.32,53.990002,52.619999,52.639999,47.838978,46619800
02-11-2015,42310,52.849998,53.360001,52.619999,53.240002,48.384258,30285000
03-11-2015,42311,52.93,54.389999,52.900002,54.150002,49.211269,36596900
04-11-2015,42312,54.18,54.880001,54.060001,54.400002,49.438473,37087800
05-11-2015,42313,54.490002,54.700001,54,54.380001,49.420284,31468500
06-11-2015,42314,54.09,54.98,53.959999,54.919998,49.911034,32851200
09-11-2015,42317,54.549999,54.869999,53.560001,54.16,49.220352,32513100
10-11-2015,42318,54.07,54.130001,53.27,53.509998,48.629631,55283700
11-11-2015,42319,53.700001,54.200001,53.459999,53.650002,48.75687,36516300
12-11-2015,42320,53.48,53.98,53.189999,53.32,48.456959,35361100
13-11-2015,42321,53.07,53.290001,52.529999,52.84,48.020748,36848200
16-11-2015,42324,53.080002,53.889999,52.849998,53.77,48.865921,32165200
17-11-2015,42325,53.169998,53.529999,52.849998,52.970001,48.463364,31551300
18-11-2015,42326,53,53.98,52.98,53.849998,49.26849,29710000
19-11-2015,42327,53.990002,54.66,53.779999,53.939999,49.350838,28149200
20-11-2015,42328,54.25,54.299999,53.27,54.189999,49.579559,37147600
23-11-2015,42331,54.25,54.459999,53.75,54.189999,49.579559,28235900
24-11-2015,42332,53.919998,54.439999,53.580002,54.25,49.634457,24600000
25-11-2015,42333,54.09,54.23,53.689999,53.689999,49.122105,21005100
27-11-2015,42335,53.799999,54.080002,53.790001,53.93,49.341679,9009100
30-11-2015,42338,54.540001,54.959999,54,54.349998,49.725952,56241400
01-12-2015,42339,54.41,55.23,54.299999,55.220001,50.521938,39952800
02-12-2015,42340,55.32,55.959999,55.060001,55.209999,50.512779,47274900
03-12-2015,42341,55.490002,55.77,53.93,54.200001,49.588718,38627800
04-12-2015,42342,54.119999,56.23,54.099998,55.91,51.153225,43963700
07-12-2015,42345,55.790001,55.970001,55.290001,55.810001,51.061737,30709800
08-12-2015,42346,55.470001,56.099998,54.990002,55.790001,51.043434,32878000
09-12-2015,42347,55.369999,55.869999,54.509998,54.98,50.302353,36373200
10-12-2015,42348,55.389999,55.66,55.009998,55.27,50.567673,31775800
11-12-2015,42349,54.709999,55.099998,54.009998,54.060001,49.460625,39549500
14-12-2015,42352,54.330002,55.209999,53.68,55.139999,50.448742,46768900
15-12-2015,42353,55.66,55.900002,55.09,55.200001,50.503635,39843000
16-12-2015,42354,55.540001,56.25,54.759998,56.130001,51.354511,37503300
17-12-2015,42355,56.360001,56.790001,55.529999,55.700001,50.961086,41280900
18-12-2015,42356,55.77,56,54.029999,54.130001,49.524662,84684200
21-12-2015,42359,54.880001,55.349998,54.23,54.830002,50.165115,37246300
22-12-2015,42360,54.990002,55.48,54.5,55.349998,50.640862,28322200
23-12-2015,42361,55.700001,55.880001,55.439999,55.82,51.070873,27279800
24-12-2015,42362,55.860001,55.959999,55.43,55.669998,50.933643,9558500
28-12-2015,42366,55.349998,55.950001,54.98,55.950001,51.189831,22458300
29-12-2015,42367,56.290001,56.849998,56.060001,56.549999,51.738781,27731400
30-12-2015,42368,56.470001,56.779999,56.290001,56.310001,51.519192,21704500
31-12-2015,42369,56.040001,56.189999,55.419998,55.48,50.759815,27334100
04-01-2016,42373,54.32,54.799999,53.389999,54.799999,50.137657,53778000
05-01-2016,42374,54.93,55.389999,54.540001,55.049999,50.366394,34079700
06-01-2016,42375,54.32,54.400002,53.639999,54.049999,49.451469,39518900
07-01-2016,42376,52.700001,53.490002,52.07,52.169998,47.731419,56564900
08-01-2016,42377,52.369999,53.279999,52.150002,52.330002,47.877811,48754000
11-01-2016,42380,52.509998,52.849998,51.459999,52.299999,47.850361,36943800
12-01-2016,42381,52.759998,53.099998,52.060001,52.779999,48.289524,36095500
13-01-2016,42382,53.799999,54.07,51.299999,51.639999,47.246517,66883600
14-01-2016,42383,52,53.419998,51.57,53.110001,48.59145,52381900
15-01-2016,42384,51.310001,51.970001,50.34,50.990002,46.651825,71820700
19-01-2016,42388,51.48,51.68,50.060001,50.560001,46.2584,43564500
20-01-2016,42389,49.98,51.380001,49.099998,50.790001,46.468826,63273000
21-01-2016,42390,51,51.580002,50.299999,50.48,46.185204,40191200
22-01-2016,42391,51.41,52.330002,51.259998,52.290001,47.841209,37555800
25-01-2016,42394,51.939999,52.650002,51.650002,51.790001,47.383747,34707700
26-01-2016,42395,51.790001,52.439999,51.549999,52.169998,47.731419,28900800
27-01-2016,42396,52.009998,52.200001,51.02,51.220001,46.862247,36775200
28-01-2016,42397,51.860001,52.209999,51.25,52.060001,47.630772,62513800
29-01-2016,42398,54.73,55.09,54,55.09,50.402992,83611700
01-02-2016,42401,54.880001,55.09,54.5,54.709999,50.055313,44208500
02-02-2016,42402,54.169998,54.259998,52.650002,53,48.49081,56313800
03-02-2016,42403,53.25,53.389999,51.259998,52.16,47.722267,57559800
04-02-2016,42404,52.099998,52.810001,51.369999,52,47.57589,46987100
05-02-2016,42405,51.939999,52,49.560001,50.16,45.892437,62009000
08-02-2016,42408,49.549999,49.57,48.189999,49.41,45.206226,59290500
09-02-2016,42409,49.02,50.240002,48.669998,49.279999,45.087296,46740500
10-02-2016,42410,49.889999,50.389999,49.52,49.709999,45.480717,38237000
11-02-2016,42411,48.68,50.110001,48.509998,49.689999,45.462418,48878600
12-02-2016,42412,50.25,50.68,49.75,50.5,46.20351,34243300
16-02-2016,42416,50.900002,51.09,50.130001,51.09,47.078922,37291200
17-02-2016,42417,51.490002,52.77,51.450001,52.419998,48.304501,40789000
18-02-2016,42418,52.330002,52.950001,52.099998,52.189999,48.092556,27176000
19-02-2016,42419,51.970001,52.279999,51.529999,51.82,47.751602,33559100
22-02-2016,42422,52.279999,53,52.279999,52.650002,48.516445,25008300
23-02-2016,42423,52.34,52.369999,50.98,51.18,47.161854,28895300
24-02-2016,42424,50.689999,51.5,50.200001,51.360001,47.327721,33014500
25-02-2016,42425,51.73,52.099998,50.610001,52.099998,48.009628,26939500
26-02-2016,42426,52.599998,52.68,51.099998,51.299999,47.272423,35975900
29-02-2016,42429,51.349998,51.650002,50.66,50.880001,46.88541,31654000
01-03-2016,42430,50.970001,52.59,50.919998,52.580002,48.451942,33024500
02-03-2016,42431,52.41,52.959999,52.16,52.950001,48.792892,29289900
03-03-2016,42432,52.970001,52.970001,51.779999,52.349998,48.239998,24427800
04-03-2016,42433,52.400002,52.450001,51.709999,52.029999,47.945118,33034200
07-03-2016,42436,51.560001,51.799999,50.580002,51.029999,47.023632,38407800
08-03-2016,42437,50.799999,52.130001,50.599998,51.650002,47.594955,33835100
09-03-2016,42438,51.889999,52.849998,51.860001,52.84,48.691536,28251600
10-03-2016,42439,52.93,52.939999,51.16,52.049999,47.963554,38387800
11-03-2016,42440,53,53.07,52.380001,53.07,48.903465,32275700
14-03-2016,42443,52.709999,53.59,52.630001,53.169998,48.995617,24083600
15-03-2016,42444,52.75,53.59,52.740002,53.59,49.382641,21104800
16-03-2016,42445,53.450001,54.599998,53.400002,54.349998,50.082977,31691700
17-03-2016,42446,54.209999,55,54,54.66,50.368633,28223900
18-03-2016,42447,54.919998,54.970001,53.450001,53.490002,49.290493,67625500
21-03-2016,42450,53.25,53.93,52.93,53.860001,49.631447,23925700
22-03-2016,42451,53.610001,54.25,53.459999,54.07,49.824959,23124100
23-03-2016,42452,54.110001,54.240002,53.740002,53.970001,49.732811,20129000
24-03-2016,42453,53.84,54.330002,53.73,54.209999,49.953972,19950000
28-03-2016,42457,54.209999,54.290001,53.330002,53.540001,49.336563,17025100
29-03-2016,42458,53.66,54.860001,53.450001,54.709999,50.414711,23924300
30-03-2016,42459,54.93,55.639999,54.900002,55.049999,50.728024,23008300
31-03-2016,42460,54.950001,55.59,54.860001,55.23,50.893883,26360500
01-04-2016,42461,55.049999,55.610001,54.57,55.57,51.207203,24399200
04-04-2016,42464,55.43,55.66,55,55.43,51.078194,18928800
05-04-2016,42465,55.189999,55.299999,54.459999,54.560001,50.276497,19272300
06-04-2016,42466,54.360001,55.200001,54.209999,55.119999,50.792519,21188700
07-04-2016,42467,54.869999,54.91,54.23,54.459999,50.184349,19225100
08-04-2016,42468,54.669998,55.279999,54.32,54.419998,50.147484,22167200
11-04-2016,42471,54.490002,55.150002,54.299999,54.310001,50.04612,21414200
12-04-2016,42472,54.369999,54.779999,53.759998,54.650002,50.359425,24944300
13-04-2016,42473,55.119999,55.439999,54.889999,55.349998,51.004456,20818000
14-04-2016,42474,55.220001,55.580002,55.07,55.360001,51.013676,20877100
15-04-2016,42475,55.299999,55.919998,55.110001,55.650002,51.280914,28793800
18-04-2016,42478,55.490002,56.59,55.209999,56.459999,52.027317,23786000
19-04-2016,42479,56.630001,56.77,55.68,56.389999,51.962811,29596800
20-04-2016,42480,56.290001,56.5,55.490002,55.59,51.225628,36195700
21-04-2016,42481,55.799999,56.23,55.419998,55.779999,51.400711,38909100
22-04-2016,42482,51.91,52.43,50.77,51.779999,47.714748,126834100
25-04-2016,42485,51.779999,52.130001,51.630001,52.110001,48.018837,33226900
26-04-2016,42486,52.259998,52.349998,51.09,51.439999,47.401443,33532600
27-04-2016,42487,51.48,51.5,50.549999,50.939999,46.940697,43369300
28-04-2016,42488,50.619999,50.77,49.560001,49.900002,45.982346,43134800
29-04-2016,42489,49.349998,50.25,49.349998,49.869999,45.954697,48411700
02-05-2016,42492,50,50.75,49.779999,50.610001,46.636612,33114500
03-05-2016,42493,50.34,50.41,49.599998,49.779999,45.871765,26460200
04-05-2016,42494,49.84,50.060001,49.459999,49.869999,45.954697,24257600
05-05-2016,42495,49.869999,50.299999,49.73,49.939999,46.019203,25390700
06-05-2016,42496,49.919998,50.389999,49.66,50.389999,46.433876,24787300
09-05-2016,42499,50.490002,50.59,50,50.07,46.139008,17951600
10-05-2016,42500,50.330002,51.099998,50.189999,51.02,47.01442,22891000
11-05-2016,42501,51.130001,51.779999,51,51.049999,47.042061,24039100
12-05-2016,42502,51.200001,51.810001,50.919998,51.509998,47.465942,24102800
13-05-2016,42503,51.439999,51.900002,51.040001,51.080002,47.06971,22592300
16-05-2016,42506,50.799999,51.959999,50.75,51.830002,47.76083,20032000
17-05-2016,42507,51.720001,51.73,50.360001,50.509998,46.869999,27803500
18-05-2016,42508,50.48,51.139999,50.299999,50.810001,47.14838,24907500
19-05-2016,42509,50.470001,50.619999,49.82,50.32,46.693691,23842400
20-05-2016,42510,50.48,51.220001,50.400002,50.619999,46.972069,23905800
23-05-2016,42513,50.599998,50.68,49.98,50.029999,46.424603,26118700
24-05-2016,42514,50.700001,51.709999,50.400002,51.59,47.872185,34757900
25-05-2016,42515,51.919998,52.490002,51.790001,52.119999,48.363979,24040200
26-05-2016,42516,51.93,51.98,51.360001,51.889999,48.150555,24335200
27-05-2016,42517,51.919998,52.32,51.77,52.32,48.549568,17721400
31-05-2016,42521,52.259998,53,52.080002,53,49.180573,37653100
01-06-2016,42522,52.439999,52.950001,52.439999,52.849998,49.041367,25324800
02-06-2016,42523,52.639999,52.740002,51.84,52.48,48.698048,22840800
03-06-2016,42524,52.380001,52.419998,51.599998,51.790001,48.057755,23368300
06-06-2016,42527,51.990002,52.349998,51.889999,52.130001,48.373272,18243300
07-06-2016,42528,52.240002,52.73,52.099998,52.099998,48.345432,20866800
08-06-2016,42529,52.02,52.439999,51.869999,52.040001,48.289742,21149400
09-06-2016,42530,52,52,51.490002,51.619999,47.900005,20305700
10-06-2016,42531,51.049999,52.049999,51.040001,51.48,47.7701,25833200
13-06-2016,42534,49.580002,50.720001,49.060001,50.139999,46.526661,83217800
14-06-2016,42535,49.900002,50.099998,49.57,49.830002,46.23901,42577100
15-06-2016,42536,49.779999,50.119999,49.689999,49.689999,46.109097,33757600
16-06-2016,42537,49.52,50.470001,49.509998,50.389999,46.758652,31188600
17-06-2016,42538,50.41,50.43,49.82,50.130001,46.517391,45710500
20-06-2016,42541,50.639999,50.830002,50.029999,50.07,46.461716,35607900
21-06-2016,42542,50.200001,51.43,50.16,51.189999,47.500999,34097800
22-06-2016,42543,51.080002,51.459999,50.950001,50.990002,47.315422,28816800
23-06-2016,42544,51.279999,52.060001,51.150002,51.91,48.169113,29028800
24-06-2016,42545,49.810001,50.939999,49.52,49.830002,46.23901,133503000
27-06-2016,42548,49.099998,49.150002,48.040001,48.43,44.939899,50216300
28-06-2016,42549,48.919998,49.470001,48.669998,49.439999,45.87711,38140700
29-06-2016,42550,49.91,50.720001,49.799999,50.540001,46.897842,31304000
30-06-2016,42551,50.720001,51.299999,50.5,51.169998,47.482441,28527800
01-07-2016,42552,51.130001,51.720001,51.07,51.16,47.473164,21400400
05-07-2016,42556,50.830002,51.279999,50.740002,51.169998,47.482441,24806400
06-07-2016,42557,50.779999,51.540001,50.389999,51.380001,47.677311,28167500
07-07-2016,42558,51.419998,51.610001,51.07,51.380001,47.677311,19585200
08-07-2016,42559,51.73,52.360001,51.549999,52.299999,48.531006,28391000
11-07-2016,42562,52.5,52.830002,52.470001,52.59,48.800114,22269200
12-07-2016,42563,52.939999,53.400002,52.790001,53.209999,49.375435,27317600
13-07-2016,42564,53.560001,53.860001,53.18,53.509998,49.653809,25356800
14-07-2016,42565,53.84,53.990002,53.580002,53.740002,49.867237,24545500
15-07-2016,42566,53.950001,54,53.209999,53.700001,49.830124,32024400
18-07-2016,42569,53.700001,54.34,53.549999,53.959999,50.071381,31433900
19-07-2016,42570,53.709999,53.900002,52.93,53.09,49.26408,53336500
20-07-2016,42571,56.150002,56.84,55.529999,55.91,51.880856,89893300
21-07-2016,42572,55.98,56.23,55.759998,55.799999,51.778786,32776700
22-07-2016,42573,56.080002,56.630001,55.779999,56.57,52.493301,32157200
25-07-2016,42576,56.470001,56.740002,56.259998,56.73,52.641754,25610600
26-07-2016,42577,56.52,57.290001,56.509998,56.759998,52.669598,28079000
27-07-2016,42578,56.610001,56.799999,56.110001,56.189999,52.140678,32327500
28-07-2016,42579,56,56.369999,55.720001,56.209999,52.159237,37550400
29-07-2016,42580,56.259998,56.759998,56.049999,56.68,52.595364,30558700
01-08-2016,42583,56.599998,56.75,56.139999,56.580002,52.502575,26003400
02-08-2016,42584,56.849998,56.900002,56.310001,56.580002,52.502575,35122000
03-08-2016,42585,56.68,57.110001,56.490002,56.970001,52.864471,22075600
04-08-2016,42586,56.799999,57.52,56.669998,57.389999,53.2542,26587700
05-08-2016,42587,57.650002,58.209999,57.450001,57.959999,53.783119,29335200
08-08-2016,42590,58.060001,58.09,57.779999,58.060001,53.875912,19473500
09-08-2016,42591,58.169998,58.5,58.02,58.200001,54.005825,16920700
10-08-2016,42592,58.16,58.32,57.82,58.02,53.838802,15756900
11-08-2016,42593,58.029999,58.450001,58.029999,58.299999,54.098621,18162300
12-08-2016,42594,58.029999,58.189999,57.619999,57.939999,53.764565,21655200
15-08-2016,42597,58.009998,58.5,57.959999,58.119999,53.931591,19283900
16-08-2016,42598,57.610001,57.619999,57.27,57.439999,53.632793,20523500
17-08-2016,42599,57.540001,57.68,57.23,57.560001,53.744843,18856400
18-08-2016,42600,57.419998,57.700001,57.27,57.599998,53.7822,14214300
19-08-2016,42601,57.43,57.73,57.200001,57.619999,53.800869,17271000
22-08-2016,42604,57.599998,57.75,57.259998,57.669998,53.847553,15221900
23-08-2016,42605,57.900002,58.18,57.849998,57.889999,54.052975,18732400
24-08-2016,42606,57.799999,58.040001,57.720001,57.950001,54.108997,18151500
25-08-2016,42607,57.880001,58.290001,57.779999,58.169998,54.314411,18552600
26-08-2016,42608,58.279999,58.700001,57.689999,58.029999,54.183693,20971200
29-08-2016,42611,58.18,58.599998,58.099998,58.099998,54.249054,16417200
30-08-2016,42612,57.98,58.189999,57.610001,57.889999,54.052975,16930200
31-08-2016,42613,57.650002,57.799999,57.299999,57.459999,53.651478,20860300
01-09-2016,42614,57.009998,57.82,57.009998,57.59,53.772858,26075400
02-09-2016,42615,57.669998,58.189999,57.419998,57.669998,53.847553,18900500
06-09-2016,42619,57.779999,57.799999,57.209999,57.610001,53.791538,16278400
07-09-2016,42620,57.470001,57.84,57.41,57.66,53.838215,17493400
08-09-2016,42621,57.630001,57.790001,57.18,57.43,53.623459,20146100
09-09-2016,42622,56.790001,57.52,56.209999,56.209999,52.484325,35113900
12-09-2016,42625,56,57.209999,55.610001,57.049999,53.268654,29303000
13-09-2016,42626,56.5,56.650002,56.049999,56.529999,52.783115,30130200
14-09-2016,42627,56.389999,56.630001,56.029999,56.259998,52.53101,24062500
15-09-2016,42628,56.150002,57.349998,55.98,57.189999,53.399364,26847000
16-09-2016,42629,57.630001,57.630001,56.75,57.25,53.455395,44607000
19-09-2016,42632,57.27,57.75,56.849998,56.93,53.156609,20937100
20-09-2016,42633,57.349998,57.349998,56.75,56.810001,53.044552,17384000
21-09-2016,42634,57.509998,57.849998,57.080002,57.759998,53.931587,33707300
22-09-2016,42635,57.919998,58,57.630001,57.82,53.987617,19822200
23-09-2016,42636,57.869999,57.91,57.380001,57.43,53.623459,19955300
26-09-2016,42639,57.080002,57.139999,56.830002,56.900002,53.128601,21688700
27-09-2016,42640,56.93,58.060001,56.68,57.950001,54.108997,28065100
28-09-2016,42641,57.880001,58.060001,57.669998,58.029999,54.183693,20536400
29-09-2016,42642,57.810001,58.169998,57.209999,57.400002,53.595459,25463500
30-09-2016,42643,57.57,57.77,57.34,57.599998,53.7822,29910800
03-10-2016,42646,57.41,57.549999,57.060001,57.419998,53.614128,19189500
04-10-2016,42647,57.27,57.599998,56.970001,57.240002,53.446056,20085900
05-10-2016,42648,57.290001,57.959999,57.259998,57.639999,53.819546,16726400
06-10-2016,42649,57.740002,57.860001,57.279999,57.740002,53.912918,16212600
07-10-2016,42650,57.849998,57.98,57.419998,57.799999,53.968937,20089000
10-10-2016,42653,57.91,58.389999,57.869999,58.040001,54.193035,18196500
11-10-2016,42654,57.889999,58.02,56.889999,57.189999,53.399364,26497400
12-10-2016,42655,57.110001,57.27,56.400002,57.110001,53.324673,22177500
13-10-2016,42656,56.700001,57.299999,56.32,56.919998,53.147274,25313700
14-10-2016,42657,57.119999,57.740002,57.119999,57.419998,53.614128,27402500
17-10-2016,42660,57.360001,57.459999,56.869999,57.220001,53.427383,23830000
18-10-2016,42661,57.529999,57.950001,57.41,57.66,53.838215,19149500
19-10-2016,42662,57.470001,57.84,57.400002,57.529999,53.716831,22878400
20-10-2016,42663,57.5,57.52,56.66,57.25,53.455395,49455600
21-10-2016,42664,60.279999,60.450001,59.490002,59.66,55.705654,80032200
24-10-2016,42667,59.939999,61,59.93,61,56.956841,54067000
25-10-2016,42668,60.849998,61.369999,60.799999,60.990002,56.947498,35137200
26-10-2016,42669,60.810001,61.200001,60.470001,60.630001,56.611355,29911600
27-10-2016,42670,60.610001,60.830002,60.09,60.099998,56.116489,28479900
28-10-2016,42671,60.009998,60.52,59.580002,59.869999,55.901733,33574700
31-10-2016,42674,60.16,60.419998,59.919998,59.919998,55.948418,26434700
01-11-2016,42675,59.970001,60.02,59.25,59.799999,55.83638,24533000
02-11-2016,42676,59.82,59.93,59.299999,59.43,55.490898,22147000
03-11-2016,42677,59.529999,59.639999,59.110001,59.209999,55.28548,21600400
04-11-2016,42678,58.650002,59.279999,58.52,58.709999,54.818623,28697000
07-11-2016,42681,59.779999,60.52,59.779999,60.419998,56.415279,31664800
08-11-2016,42682,60.549999,60.779999,60.150002,60.470001,56.461967,22935400
09-11-2016,42683,60,60.59,59.200001,60.169998,56.181847,49632500
10-11-2016,42684,60.48,60.490002,57.630001,58.700001,54.809292,57822400
11-11-2016,42685,58.23,59.119999,58.009998,59.02,55.108078,38767800
14-11-2016,42688,59.02,59.080002,57.279999,58.119999,54.267727,41328400
15-11-2016,42689,58.330002,59.490002,58.32,58.869999,55.339367,35904100
16-11-2016,42690,58.939999,59.66,58.810001,59.650002,56.072582,27332500
17-11-2016,42691,60.41,60.950001,59.970001,60.639999,57.003201,32132700
18-11-2016,42692,60.779999,61.139999,60.299999,60.349998,56.730602,27686300
21-11-2016,42695,60.5,60.970001,60.419998,60.860001,57.210011,19652600
22-11-2016,42696,60.98,61.259998,60.810001,61.119999,57.454411,23206700
23-11-2016,42697,61.009998,61.099998,60.25,60.400002,56.777603,21848900
25-11-2016,42699,60.299999,60.529999,60.130001,60.529999,56.899803,8409600
28-11-2016,42702,60.34,61.02,60.209999,60.610001,56.975002,20732600
29-11-2016,42703,60.650002,61.41,60.52,61.09,57.426216,22366700
30-11-2016,42704,60.860001,61.18,60.220001,60.259998,56.645992,34655400
01-12-2016,42705,60.110001,60.150002,58.939999,59.200001,55.649563,34542100
02-12-2016,42706,59.080002,59.470001,58.799999,59.25,55.696564,25515700
05-12-2016,42709,59.700001,60.59,59.560001,60.220001,56.608395,23552700
06-12-2016,42710,60.43,60.459999,59.799999,59.950001,56.354591,19907000
07-12-2016,42711,60.009998,61.380001,59.799999,61.369999,57.689423,30809000
08-12-2016,42712,61.299999,61.580002,60.84,61.009998,57.351009,21220800
09-12-2016,42713,61.18,61.990002,61.130001,61.970001,58.253445,27349400
12-12-2016,42716,61.82,62.299999,61.720001,62.169998,58.441444,20198100
13-12-2016,42717,62.5,63.419998,62.240002,62.98,59.202866,35718900
14-12-2016,42718,63,63.450001,62.529999,62.68,58.92086,30352700
15-12-2016,42719,62.700001,63.150002,62.299999,62.580002,58.826855,27669900
16-12-2016,42720,62.950001,62.950001,62.119999,62.299999,58.563644,42453100
19-12-2016,42723,62.560001,63.77,62.419998,63.619999,59.804478,34338200
20-12-2016,42724,63.689999,63.799999,63.029999,63.540001,59.729279,26028400
21-12-2016,42725,63.43,63.700001,63.119999,63.540001,59.729279,17096300
22-12-2016,42726,63.84,64.099998,63.41,63.549999,59.738689,22176600
23-12-2016,42727,63.450001,63.540001,62.799999,63.240002,59.447277,12403800
27-12-2016,42731,63.209999,64.07,63.209999,63.279999,59.484871,11763200
28-12-2016,42732,63.400002,63.400002,62.830002,62.990002,59.212269,14653300
29-12-2016,42733,62.860001,63.200001,62.73,62.900002,59.12767,10250600
30-12-2016,42734,62.959999,62.990002,62.029999,62.139999,58.413239,25579900
03-01-2017,42738,62.790001,62.84,62.130001,62.580002,58.826855,20694100
04-01-2017,42739,62.48,62.75,62.119999,62.299999,58.563644,21340000
05-01-2017,42740,62.189999,62.66,62.029999,62.299999,58.563644,24876000
06-01-2017,42741,62.299999,63.150002,62.040001,62.84,59.071262,19922900
09-01-2017,42744,62.759998,63.080002,62.540001,62.639999,58.883255,20382700
10-01-2017,42745,62.73,63.07,62.279999,62.619999,58.864449,18593000
11-01-2017,42746,62.610001,63.23,62.43,63.189999,59.400265,21517300
12-01-2017,42747,63.060001,63.400002,61.950001,62.610001,58.855049,20968200
13-01-2017,42748,62.619999,62.869999,62.349998,62.700001,58.939663,19422300
17-01-2017,42752,62.68,62.700001,62.029999,62.529999,58.77985,20664000
18-01-2017,42753,62.669998,62.700001,62.119999,62.5,58.751652,19670100
19-01-2017,42754,62.240002,62.98,62.200001,62.299999,58.563644,18451700
20-01-2017,42755,62.669998,62.82,62.369999,62.740002,58.977257,30213500
23-01-2017,42758,62.700001,63.119999,62.57,62.959999,59.184071,23097600
24-01-2017,42759,63.200001,63.740002,62.939999,63.52,59.710484,24672900
25-01-2017,42760,63.950001,64.099998,63.450001,63.68,59.860878,23672700
26-01-2017,42761,64.120003,64.540001,63.549999,64.269997,60.415497,43554600
27-01-2017,42762,65.389999,65.910004,64.889999,65.779999,61.834938,44818000
30-01-2017,42765,65.690002,65.790001,64.800003,65.129997,61.223915,31651400
31-01-2017,42766,64.860001,65.150002,64.260002,64.650002,60.772713,25270500
01-02-2017,42767,64.360001,64.620003,63.470001,63.580002,59.766884,39671500
02-02-2017,42768,63.25,63.41,62.75,63.169998,59.38147,45827000
03-02-2017,42769,63.5,63.700001,63.07,63.68,59.860878,30301800
06-02-2017,42772,63.5,63.650002,63.139999,63.639999,59.823284,19796400
07-02-2017,42773,63.740002,63.779999,63.23,63.43,59.625874,20277200
08-02-2017,42774,63.57,63.810001,63.220001,63.34,59.541279,18096400
09-02-2017,42775,63.52,64.440002,63.32,64.059998,60.218094,22644400
10-02-2017,42776,64.25,64.300003,63.98,64,60.161697,18170700
13-02-2017,42779,64.239998,64.860001,64.129997,64.720001,60.838512,22920100
14-02-2017,42780,64.410004,64.720001,64.019997,64.57,61.065495,23108400
15-02-2017,42781,64.5,64.57,64.160004,64.529999,61.02766,17005200
16-02-2017,42782,64.739998,65.239998,64.440002,64.519997,61.018192,20546300
17-02-2017,42783,64.470001,64.690002,64.300003,64.620003,61.112778,21248800
21-02-2017,42787,64.610001,64.949997,64.449997,64.489998,60.989834,20655900
22-02-2017,42788,64.330002,64.389999,64.050003,64.360001,60.866882,19292700
23-02-2017,42789,64.419998,64.730003,64.190002,64.620003,61.112778,20273100
24-02-2017,42790,64.529999,64.800003,64.139999,64.620003,61.112778,21796800
27-02-2017,42793,64.540001,64.540001,64.050003,64.230003,60.74395,15871500
28-02-2017,42794,64.080002,64.199997,63.759998,63.98,60.507507,23239800
01-03-2017,42795,64.129997,64.989998,64.019997,64.940002,61.415417,26937500
02-03-2017,42796,64.690002,64.75,63.880001,64.010002,60.535885,24539600
03-03-2017,42797,63.990002,64.279999,63.619999,64.25,60.762852,18135900
06-03-2017,42800,63.970001,64.559998,63.810001,64.269997,60.781769,18750300
07-03-2017,42801,64.190002,64.779999,64.190002,64.400002,60.90472,18521000
08-03-2017,42802,64.260002,65.080002,64.25,64.989998,61.462692,21510900
09-03-2017,42803,65.190002,65.199997,64.480003,64.730003,61.216808,19846800
10-03-2017,42804,65.110001,65.260002,64.75,64.93,61.405937,19538200
13-03-2017,42807,65.010002,65.190002,64.57,64.709999,61.197887,20100000
14-03-2017,42808,64.529999,64.550003,64.150002,64.410004,60.914173,14280200
15-03-2017,42809,64.550003,64.919998,64.25,64.75,61.235718,24833800
16-03-2017,42810,64.75,64.760002,64.300003,64.639999,61.131687,20674300
17-03-2017,42811,64.910004,65.239998,64.68,64.870003,61.349205,49219700
20-03-2017,42814,64.910004,65.18,64.720001,64.93,61.405937,14598100
21-03-2017,42815,65.190002,65.5,64.129997,64.209999,60.725029,26640500
22-03-2017,42816,64.120003,65.139999,64.120003,65.029999,61.500519,20680000
23-03-2017,42817,64.940002,65.239998,64.769997,64.870003,61.349205,19269200
24-03-2017,42818,65.360001,65.449997,64.760002,64.980003,61.453247,22617100
27-03-2017,42821,64.629997,65.220001,64.349998,65.099998,61.566723,18614700
28-03-2017,42822,64.959999,65.470001,64.650002,65.290001,61.74641,20080400
29-03-2017,42823,65.120003,65.5,64.949997,65.470001,61.916641,13618400
30-03-2017,42824,65.419998,65.980003,65.360001,65.709999,62.143616,15122800
31-03-2017,42825,65.650002,66.190002,65.449997,65.860001,62.285477,21040300
03-04-2017,42828,65.809998,65.940002,65.190002,65.550003,61.992302,20400900
04-04-2017,42829,65.389999,65.809998,65.279999,65.730003,62.162537,12997400
05-04-2017,42830,66.300003,66.349998,65.440002,65.559998,62.001759,21448600
06-04-2017,42831,65.599998,66.059998,65.480003,65.730003,62.162537,18103500
07-04-2017,42832,65.849998,65.959999,65.440002,65.68,62.115242,14108500
10-04-2017,42835,65.610001,65.82,65.360001,65.529999,61.97337,17952700
11-04-2017,42836,65.599998,65.610001,64.849998,65.480003,61.926094,18791500
12-04-2017,42837,65.419998,65.510002,65.110001,65.230003,61.689667,17108500
13-04-2017,42838,65.290001,65.860001,64.949997,64.949997,61.424862,17896500
17-04-2017,42842,65.040001,65.489998,65.010002,65.480003,61.926094,16689300
18-04-2017,42843,65.330002,65.709999,65.160004,65.389999,61.840988,15155600
19-04-2017,42844,65.650002,65.75,64.889999,65.040001,61.509975,26992800
20-04-2017,42845,65.459999,65.75,65.139999,65.5,61.945015,22299500
21-04-2017,42846,65.669998,66.699997,65.449997,66.400002,62.796169,32522600
24-04-2017,42849,67.480003,67.660004,67.099998,67.529999,63.86483,29770000
25-04-2017,42850,67.900002,68.040001,67.599998,67.919998,64.233681,30242700
26-04-2017,42851,68.080002,68.309998,67.620003,67.830002,64.148552,26190800
27-04-2017,42852,68.150002,68.379997,67.580002,68.269997,64.564674,34971000
28-04-2017,42853,68.910004,69.139999,67.690002,68.459999,64.744362,39548800
01-05-2017,42856,68.68,69.550003,68.5,69.410004,65.642799,31954400
02-05-2017,42857,69.709999,69.709999,69.129997,69.300003,65.538773,23906100
03-05-2017,42858,69.379997,69.379997,68.709999,69.080002,65.330719,28928000
04-05-2017,42859,69.029999,69.080002,68.639999,68.809998,65.075356,21749400
05-05-2017,42860,68.900002,69.029999,68.489998,69,65.255058,19128800
08-05-2017,42863,68.970001,69.050003,68.419998,68.940002,65.198296,18566100
09-05-2017,42864,68.860001,69.279999,68.68,69.040001,65.292892,22858400
10-05-2017,42865,68.989998,69.559998,68.919998,69.309998,65.548225,17977800
11-05-2017,42866,68.360001,68.730003,68.120003,68.459999,64.744362,28789400
12-05-2017,42867,68.610001,68.610001,68.040001,68.379997,64.668701,18714100
15-05-2017,42870,68.139999,68.480003,67.57,68.43,64.715988,31530300
16-05-2017,42871,68.230003,69.440002,68.160004,69.410004,66.019066,34956000
17-05-2017,42872,68.889999,69.099998,67.43,67.480003,64.183357,30548800
18-05-2017,42873,67.400002,68.129997,67.139999,67.709999,64.4021,25201300
19-05-2017,42874,67.5,68.099998,67.43,67.690002,64.383095,26961100
22-05-2017,42877,67.889999,68.5,67.5,68.449997,65.105957,16237600
23-05-2017,42878,68.720001,68.75,68.379997,68.68,65.324722,15425800
24-05-2017,42879,68.870003,68.879997,68.449997,68.769997,65.410332,14593900
25-05-2017,42880,68.970001,69.879997,68.910004,69.620003,66.218803,21854100
26-05-2017,42881,69.800003,70.220001,69.519997,69.959999,66.542175,19827900
30-05-2017,42885,69.790001,70.410004,69.769997,70.410004,66.970215,17072800
31-05-2017,42886,70.529999,70.739998,69.809998,69.839996,66.42804,30436400
01-06-2017,42887,70.239998,70.610001,69.449997,70.099998,66.675339,21603600
02-06-2017,42888,70.440002,71.860001,70.239998,71.760002,68.254242,34770300
05-06-2017,42891,71.970001,72.889999,71.809998,72.279999,68.748848,33316800
06-06-2017,42892,72.300003,72.620003,72.269997,72.519997,68.977127,31511100
07-06-2017,42893,72.639999,72.769997,71.949997,72.389999,68.853477,22301800
08-06-2017,42894,72.510002,72.519997,71.5,71.949997,68.434975,24588300
09-06-2017,42895,72.040001,72.080002,68.589996,70.32,66.884605,49187400
12-06-2017,42898,69.25,69.940002,68.129997,69.779999,66.370972,47761700
13-06-2017,42899,70.019997,70.82,69.959999,70.650002,67.198479,25258600
14-06-2017,42900,70.910004,71.099998,69.43,70.269997,66.837051,25510700
15-06-2017,42901,69.269997,70.209999,68.800003,69.900002,66.48513,26068700
16-06-2017,42902,69.730003,70.029999,69.220001,70,66.580246,48345100
19-06-2017,42905,70.5,70.940002,70.349998,70.870003,67.407722,23798300
20-06-2017,42906,70.82,70.870003,69.870003,69.910004,66.494637,21512200
21-06-2017,42907,70.209999,70.620003,69.940002,70.269997,66.837051,19891100
22-06-2017,42908,70.540001,70.589996,69.709999,70.260002,66.82753,22965700
23-06-2017,42909,70.089996,71.25,69.919998,71.209999,67.731117,27617300
26-06-2017,42912,71.400002,71.709999,70.440002,70.529999,67.084335,19607000
27-06-2017,42913,70.110001,70.18,69.18,69.209999,65.828819,25215100
28-06-2017,42914,69.209999,69.839996,68.790001,69.800003,66.390015,25806200
29-06-2017,42915,69.379997,69.489998,68.089996,68.489998,65.144005,28918700
30-06-2017,42916,68.779999,69.379997,68.739998,68.93,65.5625,24161100
03-07-2017,42919,69.330002,69.599998,68.019997,68.169998,64.839638,16165500
05-07-2017,42921,68.260002,69.440002,68.220001,69.080002,65.705177,21176300
06-07-2017,42922,68.269997,68.779999,68.120003,68.57,65.2201,21117600
07-07-2017,42923,68.699997,69.839996,68.699997,69.459999,66.06662,16878300
10-07-2017,42926,69.459999,70.25,69.199997,69.980003,66.561218,15014500
11-07-2017,42927,70,70.68,69.75,69.989998,66.570717,17460000
12-07-2017,42928,70.690002,71.279999,70.550003,71.150002,67.674072,17750900
13-07-2017,42929,71.5,72.040001,71.309998,71.769997,68.263763,20269800
14-07-2017,42930,72.239998,73.269997,71.959999,72.779999,69.224434,25868100
17-07-2017,42933,72.800003,73.449997,72.720001,73.349998,69.766579,21803900
18-07-2017,42934,73.089996,73.389999,72.660004,73.300003,69.719009,26435300
19-07-2017,42935,73.5,74.040001,73.449997,73.860001,70.251656,22416200
20-07-2017,42936,74.18,74.300003,73.279999,74.220001,70.59407,42361000
21-07-2017,42937,73.449997,74.290001,73.169998,73.790001,70.185081,46717100
24-07-2017,42940,73.529999,73.75,73.129997,73.599998,70.004372,21394800
25-07-2017,42941,73.800003,74.309998,73.5,74.190002,70.565552,22018700
26-07-2017,42942,74.339996,74.379997,73.809998,74.050003,70.432365,16252200
27-07-2017,42943,73.760002,74.419998,72.32,73.160004,69.585861,36844200
28-07-2017,42944,72.669998,73.309998,72.540001,73.040001,69.47171,18306700
31-07-2017,42947,73.300003,73.440002,72.410004,72.699997,69.148331,23600100
01-08-2017,42948,73.099998,73.419998,72.489998,72.580002,69.034203,22132300
02-08-2017,42949,72.550003,72.559998,71.440002,72.260002,68.729836,26499200
03-08-2017,42950,72.190002,72.440002,71.849998,72.150002,68.625198,18214400
04-08-2017,42951,72.400002,73.040001,72.239998,72.68,69.129318,22579000
07-08-2017,42954,72.800003,72.900002,72.260002,72.400002,68.862999,18705700
08-08-2017,42955,72.089996,73.129997,71.75,72.790001,69.23394,22044600
09-08-2017,42956,72.25,72.510002,72.050003,72.470001,68.929565,22213400
10-08-2017,42957,71.900002,72.190002,71.349998,71.410004,67.921349,24734500
11-08-2017,42958,71.610001,72.699997,71.279999,72.5,68.958099,21443700
14-08-2017,42961,73.059998,73.720001,72.949997,73.589996,69.99485,20096600
15-08-2017,42962,73.589996,73.589996,73.040001,73.220001,70.013985,19181400
16-08-2017,42963,73.339996,74.099998,73.169998,73.650002,70.425148,18150400
17-08-2017,42964,73.580002,73.870003,72.400002,72.400002,69.229881,22977500
18-08-2017,42965,72.269997,72.839996,71.93,72.489998,69.315933,18761500
21-08-2017,42968,72.470001,72.480003,71.699997,72.150002,68.990829,17734800
22-08-2017,42969,72.349998,73.239998,72.349998,73.160004,69.956612,14343700
23-08-2017,42970,72.959999,73.150002,72.529999,72.720001,69.535889,13766500
24-08-2017,42971,72.739998,72.860001,72.07,72.690002,69.507187,17098300
25-08-2017,42972,72.860001,73.349998,72.480003,72.82,69.631477,12794300
28-08-2017,42975,73.059998,73.089996,72.550003,72.830002,69.641052,14569700
29-08-2017,42976,72.25,73.160004,72.050003,73.050003,69.85141,11478400
30-08-2017,42977,73.010002,74.209999,72.830002,74.010002,70.769379,16897800
31-08-2017,42978,74.029999,74.959999,73.800003,74.769997,71.496117,27652800
01-09-2017,42979,74.709999,74.739998,73.639999,73.940002,70.702454,21736200
05-09-2017,42983,73.339996,73.889999,72.980003,73.610001,70.386902,21556000
06-09-2017,42984,73.739998,74.040001,73.349998,73.400002,70.186096,16535800
07-09-2017,42985,73.68,74.599998,73.599998,74.339996,71.08493,17471200
08-09-2017,42986,74.330002,74.440002,73.839996,73.980003,70.7407,14703800
11-09-2017,42989,74.309998,74.940002,74.309998,74.760002,71.486542,17910400
12-09-2017,42990,74.760002,75.239998,74.370003,74.68,71.410049,14394900
13-09-2017,42991,74.93,75.230003,74.550003,75.209999,71.91684,13380800
14-09-2017,42992,75,75.489998,74.519997,74.769997,71.496117,15733900
15-09-2017,42993,74.830002,75.389999,74.07,75.309998,72.012451,38578400
18-09-2017,42996,75.230003,75.970001,75.040001,75.160004,71.869041,23307000
19-09-2017,42997,75.209999,75.709999,75.010002,75.440002,72.13678,16093300
20-09-2017,42998,75.349998,75.550003,74.309998,74.940002,71.658661,21587900
21-09-2017,42999,75.110001,75.239998,74.110001,74.209999,70.960609,19186100
22-09-2017,43000,73.989998,74.510002,73.849998,74.410004,71.151871,14111400
25-09-2017,43003,74.089996,74.25,72.919998,73.260002,70.052216,24149200
26-09-2017,43004,73.669998,73.809998,72.989998,73.260002,70.052216,18019600
27-09-2017,43005,73.550003,74.169998,73.169998,73.849998,70.616386,19565100
28-09-2017,43006,73.540001,73.970001,73.309998,73.870003,70.635521,10883800
29-09-2017,43007,73.940002,74.540001,73.879997,74.489998,71.228363,17079100
02-10-2017,43010,74.709999,75.010002,74.300003,74.610001,71.343109,15304800
03-10-2017,43011,74.669998,74.879997,74.190002,74.260002,71.008438,12190400
04-10-2017,43012,74.089996,74.720001,73.709999,74.690002,71.419609,13317700
05-10-2017,43013,75.220001,76.120003,74.959999,75.970001,72.643555,21195300
06-10-2017,43014,75.669998,76.029999,75.540001,76,72.672256,13959800
09-10-2017,43017,75.970001,76.550003,75.860001,76.290001,72.949554,11386500
10-10-2017,43018,76.330002,76.629997,76.139999,76.290001,72.949554,13944500
11-10-2017,43019,76.360001,76.459999,75.949997,76.419998,73.073853,15388900
12-10-2017,43020,76.489998,77.290001,76.370003,77.120003,73.743195,16876500
13-10-2017,43021,77.589996,77.870003,77.290001,77.489998,74.097008,15335700
16-10-2017,43024,77.419998,77.809998,77.349998,77.650002,74.249992,12380100
17-10-2017,43025,77.470001,77.620003,77.25,77.589996,74.192627,16824000
18-10-2017,43026,77.669998,77.849998,77.370003,77.610001,74.211754,13300700
19-10-2017,43027,77.57,77.93,77.349998,77.910004,74.498627,15092800
20-10-2017,43028,78.32,78.970001,78.220001,78.809998,75.359215,22866400
23-10-2017,43031,78.989998,79.339996,78.760002,78.830002,75.378342,20627200
24-10-2017,43032,78.900002,79.199997,78.459999,78.860001,75.407013,17517200
25-10-2017,43033,78.580002,79.099998,78.010002,78.629997,75.187096,20410800
26-10-2017,43034,79.199997,79.419998,78.75,78.760002,75.311386,32120700
27-10-2017,43035,84.370003,86.199997,83.610001,83.809998,80.140274,71066700
30-10-2017,43038,83.699997,84.330002,83.110001,83.889999,80.216774,31756700
31-10-2017,43039,84.360001,84.360001,83.110001,83.18,79.537865,27086600
01-11-2017,43040,83.68,83.760002,82.879997,83.18,79.537865,22307400
02-11-2017,43041,83.349998,84.459999,83.120003,84.050003,80.369774,23992900
03-11-2017,43042,84.080002,84.540001,83.400002,84.139999,80.455826,17633500
06-11-2017,43045,84.199997,84.699997,84.080002,84.470001,80.771385,19860900
07-11-2017,43046,84.769997,84.900002,83.93,84.269997,80.580124,17939700
08-11-2017,43047,84.139999,84.610001,83.830002,84.559998,80.857437,18034200
09-11-2017,43048,84.110001,84.269997,82.900002,84.089996,80.408012,21178400
10-11-2017,43049,83.790001,84.099998,83.230003,83.870003,80.197662,19397800
13-11-2017,43052,83.660004,83.940002,83.459999,83.93,80.255028,14196900
14-11-2017,43053,83.5,84.099998,82.980003,84.050003,80.369774,18801300
15-11-2017,43054,83.470001,83.690002,82.690002,82.980003,79.745117,19383100
16-11-2017,43055,83.099998,83.419998,82.940002,83.199997,79.956528,20962800
17-11-2017,43056,83.120003,83.120003,82.239998,82.400002,79.187729,22079000
20-11-2017,43059,82.400002,82.589996,82.25,82.529999,79.312645,16315000
21-11-2017,43060,82.739998,83.839996,82.739998,83.720001,80.456261,21237500
22-11-2017,43061,83.830002,83.900002,83.040001,83.110001,79.870056,20553100
24-11-2017,43063,83.010002,83.43,82.779999,83.260002,80.014191,7425600
27-11-2017,43066,83.309998,83.980003,83.300003,83.870003,80.600418,18265200
28-11-2017,43067,84.07,85.059998,84.019997,84.879997,81.571037,21926000
29-11-2017,43068,84.709999,84.919998,83.18,83.339996,80.091072,27381100
30-11-2017,43069,83.510002,84.519997,83.339996,84.169998,80.88871,33054600
01-12-2017,43070,83.599998,84.809998,83.220001,84.260002,80.975212,29532100
04-12-2017,43073,84.419998,84.43,80.699997,81.080002,77.919197,39094900
05-12-2017,43074,81.339996,82.68,80.980003,81.589996,78.409294,26152300
06-12-2017,43075,81.550003,83.139999,81.43,82.779999,79.55291,26162100
07-12-2017,43076,82.540001,82.800003,82,82.489998,79.274208,23184500
08-12-2017,43077,83.629997,84.580002,83.330002,84.160004,80.879112,24489100
11-12-2017,43080,84.290001,85.370003,84.120003,85.230003,81.907394,22857900
12-12-2017,43081,85.309998,86.050003,85.080002,85.580002,82.243744,23924100
13-12-2017,43082,85.739998,86,85.169998,85.349998,82.02272,22062700
14-12-2017,43083,85.43,85.870003,84.529999,84.690002,81.388435,19306000
15-12-2017,43084,85.260002,87.089996,84.879997,86.849998,83.464241,53936700
18-12-2017,43087,87.120003,87.5,86.230003,86.379997,83.012566,22283800
19-12-2017,43088,86.349998,86.349998,85.269997,85.830002,82.484009,23524800
20-12-2017,43089,86.199997,86.300003,84.709999,85.519997,82.186104,23674900
21-12-2017,43090,86.050003,86.099998,85.400002,85.5,82.166878,17990700
22-12-2017,43091,85.400002,85.629997,84.919998,85.510002,82.176476,14145800
26-12-2017,43095,85.309998,85.529999,85.029999,85.400002,82.07077,9891200
27-12-2017,43096,85.650002,85.980003,85.220001,85.709999,82.368675,14678000
28-12-2017,43097,85.900002,85.93,85.550003,85.720001,82.378288,10594300
29-12-2017,43098,85.629997,86.050003,85.5,85.540001,82.205322,18717400
02-01-2018,43102,86.129997,86.309998,85.5,85.949997,82.599319,22483800
03-01-2018,43103,86.059998,86.510002,85.970001,86.349998,82.983727,26061400
04-01-2018,43104,86.589996,87.660004,86.57,87.110001,83.714119,21912000
05-01-2018,43105,87.660004,88.410004,87.43,88.190002,84.752014,23407100
08-01-2018,43108,88.199997,88.580002,87.599998,88.279999,84.838486,22113000
09-01-2018,43109,88.650002,88.730003,87.860001,88.220001,84.780838,19484300
10-01-2018,43110,87.860001,88.190002,87.410004,87.82,84.396439,18652200
11-01-2018,43111,88.129997,88.129997,87.239998,88.080002,84.646286,17808900
12-01-2018,43112,88.669998,89.779999,88.449997,89.599998,86.107033,24271500
16-01-2018,43116,90.099998,90.790001,88.010002,88.349998,84.905762,36599700
17-01-2018,43117,89.080002,90.279999,88.75,90.139999,86.625977,25621200
18-01-2018,43118,89.800003,90.669998,89.660004,90.099998,86.587547,24159700
19-01-2018,43119,90.139999,90.610001,89.660004,90,86.49144,36875000
22-01-2018,43122,90,91.620003,89.739998,91.610001,88.038666,23601600
23-01-2018,43123,91.900002,92.300003,91.540001,91.900002,88.317383,23412800
24-01-2018,43124,92.550003,93.43,91.580002,91.82,88.240479,33277500
25-01-2018,43125,92.470001,93.239998,91.93,92.330002,88.730621,26383200
26-01-2018,43126,93.120003,94.059998,92.580002,94.059998,90.393173,29172200
29-01-2018,43129,95.139999,95.449997,93.720001,93.919998,90.258621,31569900
30-01-2018,43130,93.300003,93.660004,92.099998,92.739998,89.124626,38635100
31-01-2018,43131,93.75,95.400002,93.510002,95.010002,91.306129,48756300
01-02-2018,43132,94.790001,96.07,93.580002,94.260002,90.585373,47227900
02-02-2018,43133,93.639999,93.970001,91.5,91.779999,88.202042,47867800
05-02-2018,43136,90.559998,93.239998,88,88,84.56942,51031500
06-02-2018,43137,86.889999,91.480003,85.25,91.330002,87.769585,67998600
07-02-2018,43138,90.489998,91.769997,89.199997,89.610001,86.116646,41107600
08-02-2018,43139,89.709999,89.879997,84.760002,85.010002,81.695984,55628700
09-02-2018,43140,86.300003,88.93,83.830002,88.18,84.742393,63499100
12-02-2018,43143,88.739998,89.779999,87.93,89.129997,85.655342,35720300
13-02-2018,43144,88.93,90,87.800003,89.830002,86.328072,26407700
14-02-2018,43145,88.510002,90.989998,88.410004,90.809998,87.679825,34960900
15-02-2018,43146,91.209999,92.720001,90.620003,92.660004,89.466042,27823900
16-02-2018,43147,92.449997,93.5,91.800003,92,88.828796,30596900
20-02-2018,43151,91.480003,93.059998,91.010002,92.720001,89.523979,30911700
21-02-2018,43152,92.980003,93.360001,91.489998,91.489998,88.336365,26922500
22-02-2018,43153,92.050003,92.730003,91.360001,91.730003,88.568108,24392800
23-02-2018,43154,93.599998,94.07,92.360001,94.059998,90.817787,26329200
26-02-2018,43157,94.400002,95.449997,94.25,95.419998,92.130898,30199800
27-02-2018,43158,95.739998,95.839996,94.199997,94.199997,90.952972,25869100
28-02-2018,43159,94.839996,95.709999,93.629997,93.769997,90.537788,31167300
01-03-2018,43160,93.989998,94.57,91.839996,92.849998,89.649498,37135600
02-03-2018,43161,91.580002,93.150002,90.860001,93.050003,89.842606,32830400
05-03-2018,43164,92.339996,94.269997,92.260002,93.639999,90.41227,23901600
06-03-2018,43165,94.339996,94.489998,92.940002,93.32,90.103294,22175800
07-03-2018,43166,93.160004,93.940002,92.43,93.860001,90.62468,26716100
08-03-2018,43167,94.269997,95.099998,93.769997,94.43,91.175034,25887800
09-03-2018,43168,95.290001,96.540001,95,96.540001,93.212303,36937300
12-03-2018,43171,96.5,97.209999,96.040001,96.769997,93.434364,26073700
13-03-2018,43172,97,97.239998,93.970001,94.410004,91.155731,35387800
14-03-2018,43173,95.120003,95.410004,93.5,93.849998,90.615021,32132000
15-03-2018,43174,93.529999,94.580002,92.830002,94.18,90.933655,27611000
16-03-2018,43175,94.68,95.379997,93.919998,94.599998,91.339172,49081300
19-03-2018,43178,93.739998,93.900002,92.110001,92.889999,89.68811,33344100
20-03-2018,43179,93.050003,93.769997,93,93.129997,89.919838,23075200
21-03-2018,43180,92.93,94.050003,92.209999,92.480003,89.292252,24457100
22-03-2018,43181,91.269997,91.75,89.660004,89.790001,86.694969,38604700
23-03-2018,43182,89.5,90.459999,87.080002,87.18,84.17495,44068900
26-03-2018,43185,90.610001,94,90.400002,93.779999,90.547447,56396800
27-03-2018,43186,94.940002,95.139999,88.510002,89.470001,86.386002,56569000
28-03-2018,43187,89.82,91.230003,88.870003,89.389999,86.308754,52501100
29-03-2018,43188,90.18,92.290001,88.400002,91.269997,88.123955,45867500
02-04-2018,43192,90.470001,90.879997,87.510002,88.519997,85.46875,48515400
03-04-2018,43193,89.580002,90.050003,87.889999,89.709999,86.617722,37213800
04-04-2018,43194,87.849998,92.760002,87.730003,92.330002,89.147423,35560000
05-04-2018,43195,92.440002,93.07,91.400002,92.379997,89.195686,29771900
06-04-2018,43196,91.489998,92.459999,89.480003,90.230003,87.119804,38026000
09-04-2018,43199,91.040001,93.169998,90.620003,90.769997,87.641182,31533900
10-04-2018,43200,92.389999,93.279999,91.639999,92.879997,89.678459,26812000
11-04-2018,43201,92.010002,93.290001,91.480003,91.860001,88.693619,24872100
12-04-2018,43202,92.43,94.160004,92.43,93.580002,90.354324,26758900
13-04-2018,43203,94.050003,94.18,92.440002,93.080002,89.871559,23346100
16-04-2018,43206,94.07,94.660004,93.419998,94.169998,90.923996,20288100
17-04-2018,43207,95,96.540001,94.879997,96.07,92.758484,26771000
18-04-2018,43208,96.220001,96.720001,95.519997,96.440002,93.115746,21043300
19-04-2018,43209,96.440002,97.07,95.339996,96.110001,92.797119,23552500
20-04-2018,43210,95.910004,96.110001,94.050003,95,91.72538,31154400
23-04-2018,43213,95.739998,96.290001,94.629997,95.349998,92.063309,22331800
24-04-2018,43214,96.239998,96.470001,92.410004,93.120003,89.910179,34524800
25-04-2018,43215,93.300003,93.300003,90.279999,92.309998,89.128105,33729300
26-04-2018,43216,93.550003,95.150002,93.099998,94.260002,91.010887,42529000
27-04-2018,43217,97.599998,97.900002,93.910004,95.82,92.51712,48272800
30-04-2018,43220,96.330002,96.400002,93.150002,93.519997,90.296387,41523600
01-05-2018,43221,93.209999,95.290001,92.790001,95,91.72538,31408900
02-05-2018,43222,94.989998,95.169998,93.190002,93.510002,90.286751,27471000
03-05-2018,43223,92.959999,94.93,92.449997,94.07,90.827438,31142500
04-05-2018,43224,93.32,95.370003,92.919998,95.160004,91.879868,22531300
07-05-2018,43227,95.169998,96.709999,95.099998,96.220001,92.90332,24242000
08-05-2018,43228,95.849998,96.160004,95.059998,95.809998,92.507462,23484600
09-05-2018,43229,96.010002,96.970001,95.050003,96.940002,93.598503,27327400
10-05-2018,43230,97.459999,97.949997,97.050003,97.910004,94.535065,22388100
11-05-2018,43231,97.800003,97.870003,97.040001,97.699997,94.332306,16778300
14-05-2018,43234,97.919998,98.690002,97.309998,98.029999,94.65094,19454100
15-05-2018,43235,97.239998,97.849998,96.339996,97.32,93.965424,24594000
16-05-2018,43236,97.360001,97.400002,96.620003,97.150002,94.207832,17384700
17-05-2018,43237,96.760002,97.540001,95.830002,96.18,93.267227,17246700
18-05-2018,43238,96.010002,96.93,96.010002,96.360001,93.441765,17865800
21-05-2018,43241,97,98.010002,96.800003,97.599998,94.644226,19422500
22-05-2018,43242,97.68,98.169998,97.199997,97.5,94.547249,15441200
23-05-2018,43243,96.709999,98.730003,96.32,98.660004,95.672112,21251200
24-05-2018,43244,98.730003,98.940002,96.809998,98.309998,95.33271,26649300
25-05-2018,43245,98.300003,98.980003,97.860001,98.360001,95.381195,18363900
29-05-2018,43249,97.839996,98.879997,97.230003,98.010002,95.041794,28671000
30-05-2018,43250,98.309998,99.25,97.910004,98.949997,95.953316,22158500
31-05-2018,43251,99.290001,99.989998,98.610001,98.839996,95.846657,34140900
01-06-2018,43252,99.279999,100.860001,99.169998,100.790001,97.73761,28655600
04-06-2018,43255,101.260002,101.860001,100.849998,101.669998,98.590965,27281600
05-06-2018,43256,102,102.330002,101.529999,102.190002,99.095207,23514400
06-06-2018,43257,102.480003,102.599998,101.900002,102.489998,99.386124,21122900
07-06-2018,43258,102.650002,102.690002,100.379997,100.879997,97.824883,28232200
08-06-2018,43259,101.089996,101.949997,100.540001,101.629997,98.552162,22165100
11-06-2018,43262,101.010002,101.589996,100.669998,101.050003,97.989731,23490900
12-06-2018,43263,101.099998,101.449997,100.75,101.309998,98.241867,18325200
13-06-2018,43264,101.720001,102.010002,100.559998,100.849998,97.795784,29492900
14-06-2018,43265,101.650002,102.029999,101,101.419998,98.348526,25691800
15-06-2018,43266,101.510002,101.529999,100.07,100.129997,97.097595,65738600
18-06-2018,43269,100.010002,101.110001,99.419998,100.860001,97.805489,23586000
19-06-2018,43270,99.650002,101,99.5,100.860001,97.805489,28653100
20-06-2018,43271,101.370003,102.519997,101.120003,101.870003,98.784904,26180800
21-06-2018,43272,102.080002,102.459999,100.879997,101.139999,98.077011,23198200
22-06-2018,43273,100.410004,100.769997,99.629997,100.410004,97.369118,38923100
25-06-2018,43276,100,100.110001,97.300003,98.389999,95.410301,35433300
26-06-2018,43277,98.82,100.080002,98.75,99.080002,96.079399,26897200
27-06-2018,43278,99.580002,100.019997,97.400002,97.540001,94.586037,31298400
28-06-2018,43279,97.379997,99.110001,97.260002,98.629997,95.643021,26650700
29-06-2018,43280,98.93,99.910004,98.330002,98.610001,95.623627,28053200
02-07-2018,43283,98.099998,100.059998,98,100.010002,96.981239,19564500
03-07-2018,43284,100.480003,100.629997,98.940002,99.050003,96.050308,14670300
05-07-2018,43286,99.5,99.919998,99.029999,99.760002,96.738808,18977400
06-07-2018,43287,99.889999,101.43,99.669998,101.160004,98.096413,19234600
09-07-2018,43290,101.650002,102.25,101.25,101.849998,98.765503,18212000
10-07-2018,43291,102,102.510002,101.860001,102.120003,99.027321,19293100
11-07-2018,43292,101.150002,102.339996,101.099998,101.980003,98.891571,19644600
12-07-2018,43293,102.769997,104.410004,102.730003,104.190002,101.034645,24335900
13-07-2018,43294,104.370003,105.599998,104.089996,105.43,102.237091,24635200
16-07-2018,43297,105.400002,105.82,104.519997,104.910004,101.732826,21786900
17-07-2018,43298,104.610001,106.5,104.32,105.949997,102.741348,25901700
18-07-2018,43299,105.940002,106.050003,104.720001,105.120003,101.93647,29493900
19-07-2018,43300,104.93,105.309998,103.889999,104.400002,101.238289,40171600
20-07-2018,43301,108.080002,108.199997,106.080002,106.269997,103.051636,56004000
23-07-2018,43304,106.300003,108.139999,106.129997,107.970001,104.70018,29707000
24-07-2018,43305,108.57,108.82,107.260002,107.660004,104.399544,26316600
25-07-2018,43306,107.959999,111.150002,107.599998,110.830002,107.473549,30702100
26-07-2018,43307,110.739998,111,109.5,109.620003,106.300194,31372100
27-07-2018,43308,110.18,110.18,106.139999,107.68,104.418945,37005300
30-07-2018,43311,107.190002,107.529999,104.760002,105.370003,102.178909,34668300
31-07-2018,43312,106.489998,106.720001,105.379997,106.080002,102.867409,27655200
01-08-2018,43313,106.029999,106.449997,105.419998,106.279999,103.061348,23628700
02-08-2018,43314,105.400002,108.089996,104.839996,107.57,104.312279,26104300
03-08-2018,43315,107.800003,108.050003,106.82,108.040001,104.768051,18659600
06-08-2018,43318,108.120003,108.419998,107.559998,108.129997,104.855316,20265900
07-08-2018,43319,108.559998,109.099998,108.169998,108.879997,105.582596,16080200
08-08-2018,43320,109.330002,109.75,108.760002,109.489998,106.174126,15487500
09-08-2018,43321,109.709999,110.160004,109.599998,109.669998,106.348679,13677200
10-08-2018,43322,109.419998,109.690002,108.379997,109,105.698975,18183700
13-08-2018,43325,109.239998,109.580002,108.099998,108.209999,104.932899,18472500
14-08-2018,43326,108.559998,109.75,108.040001,109.559998,106.242012,16788300
15-08-2018,43327,108.489998,108.989998,106.82,107.660004,104.801315,29982800
16-08-2018,43328,108.300003,108.860001,107.300003,107.639999,104.781845,21384300
17-08-2018,43329,107.360001,107.900002,106.690002,107.580002,104.723434,18061500
20-08-2018,43332,107.510002,107.900002,106.480003,106.870003,104.032303,17914200
21-08-2018,43333,106.919998,107.349998,105.849998,105.980003,103.165932,22881900
22-08-2018,43334,105.849998,107.339996,105.779999,107.059998,104.217239,18000600
23-08-2018,43335,107.150002,108.18,106.870003,107.559998,104.703964,18167700
24-08-2018,43336,107.669998,108.559998,107.559998,108.400002,105.521667,17234000
27-08-2018,43339,109.269997,109.639999,108.510002,109.599998,106.689789,19662300
28-08-2018,43340,109.940002,110.5,109.790001,110.260002,107.332291,19151500
29-08-2018,43341,110.449997,112.029999,110.269997,112.019997,109.04554,20818000
30-08-2018,43342,111.669998,112.610001,111.440002,111.949997,108.977402,22798700
31-08-2018,43343,111.690002,112.779999,111.519997,112.330002,109.347313,23222700
04-09-2018,43347,110.849998,111.959999,110.220001,111.709999,108.743774,22634600
05-09-2018,43348,111.010002,111.419998,108.099998,108.489998,105.609268,32872400
06-09-2018,43349,108.25,108.989998,107.510002,108.739998,105.852623,23477600
07-09-2018,43350,108.230003,108.720001,107.230003,108.209999,105.336708,22498600
10-09-2018,43353,108.839996,109.639999,108.360001,109.379997,106.475639,20727900
11-09-2018,43354,108.900002,111.589996,108.889999,111.239998,108.28624,24301800
12-09-2018,43355,111.43,111.849998,110.510002,111.709999,108.743774,18891100
13-09-2018,43356,112.120003,113.730003,112.120003,112.910004,109.911903,26055600
14-09-2018,43357,113.360001,113.730003,112.440002,113.370003,110.359695,19122300
17-09-2018,43360,113.690002,113.699997,111.860001,112.139999,109.162361,20736500
18-09-2018,43361,112.190002,113.699997,111.720001,113.209999,110.203934,22170900
19-09-2018,43362,113.050003,113.32,111.040001,111.699997,108.734024,21728400
20-09-2018,43363,112.279999,113.800003,111.93,113.57,110.554382,23714500
21-09-2018,43364,114,115.290001,113.510002,114.260002,111.226074,71229700
24-09-2018,43367,113.029999,114.900002,112.220001,114.669998,111.625175,27334500
25-09-2018,43368,114.800003,115.099998,113.75,114.449997,111.411011,22668000
26-09-2018,43369,114.470001,115.059998,113.739998,113.980003,110.953514,19352000
27-09-2018,43370,114.779999,114.910004,114.199997,114.410004,111.372078,19091300
28-09-2018,43371,114.190002,114.57,113.68,114.370003,111.33313,21647800
01-10-2018,43374,114.75,115.68,114.730003,115.610001,112.54023,18883100
02-10-2018,43375,115.300003,115.839996,114.440002,115.150002,112.09243,20787200
03-10-2018,43376,115.419998,116.18,114.93,115.169998,112.1119,16648000
04-10-2018,43377,114.610001,114.760002,111.629997,112.790001,109.795097,34821700
05-10-2018,43378,112.629997,113.169998,110.639999,112.129997,109.152618,29068900
08-10-2018,43381,111.660004,112.029999,109.339996,110.849998,107.906609,29640600
09-10-2018,43382,111.139999,113.080002,110.800003,112.260002,109.279175,26198600
10-10-2018,43383,111.239998,111.5,105.790001,106.160004,103.341148,61376300
11-10-2018,43384,105.349998,108.93,104.199997,105.910004,103.097778,63904300
12-10-2018,43385,109.010002,111.239998,107.120003,109.57,106.660583,47742100
15-10-2018,43388,108.910004,109.480003,106.949997,107.599998,104.742897,32068100
16-10-2018,43389,109.540001,111.410004,108.949997,111,108.052628,31610200
17-10-2018,43390,111.68,111.809998,109.550003,110.709999,107.770317,26548200
18-10-2018,43391,110.099998,110.529999,107.830002,108.5,105.619011,32506200
19-10-2018,43392,108.93,110.860001,108.209999,108.660004,105.774765,32785500
22-10-2018,43395,109.32,110.540001,108.239998,109.629997,106.718994,26545600
23-10-2018,43396,107.769997,108.970001,105.110001,108.099998,105.229622,43770400
24-10-2018,43397,108.410004,108.489998,101.589996,102.32,99.603111,63897800
25-10-2018,43398,106.550003,109.269997,106.150002,108.300003,105.424324,61646800
26-10-2018,43399,105.690002,108.75,104.760002,106.959999,104.119904,55523100
29-10-2018,43402,108.110001,108.699997,101.629997,103.849998,101.092476,55162000
30-10-2018,43403,103.660004,104.379997,100.110001,103.730003,100.975662,65350900
31-10-2018,43404,105.440002,108.139999,105.389999,106.809998,103.973877,51062400
01-11-2018,43405,107.050003,107.32,105.529999,105.919998,103.107498,33384200
02-11-2018,43406,106.480003,107.32,104.980003,106.160004,103.341148,37680200
05-11-2018,43409,106.370003,107.739998,105.900002,107.510002,104.655296,27922100
06-11-2018,43410,107.379997,108.839996,106.279999,107.720001,104.859718,24340200
07-11-2018,43411,109.440002,112.239998,109.400002,111.959999,108.987129,37901700
08-11-2018,43412,111.800003,112.209999,110.910004,111.75,108.782707,25644100
09-11-2018,43413,110.849998,111.449997,108.760002,109.57,106.660583,32039200
12-11-2018,43416,109.419998,109.959999,106.099998,106.870003,104.032303,33621800
13-11-2018,43417,107.550003,108.739998,106.639999,106.940002,104.100433,35374600
14-11-2018,43418,108.099998,108.260002,104.470001,104.970001,102.624176,39495100
15-11-2018,43419,104.989998,107.800003,103.910004,107.279999,104.882553,38505200
16-11-2018,43420,107.080002,108.879997,106.800003,108.290001,105.869987,33502100
19-11-2018,43423,108.269997,108.559998,103.550003,104.620003,102.282005,44773900
20-11-2018,43424,101.800003,102.970001,99.349998,101.709999,99.437035,64052500
21-11-2018,43425,103.599998,104.43,102.239998,103.110001,100.80574,28130600
23-11-2018,43427,102.169998,103.809998,102,103.07,100.76664,13823100
26-11-2018,43430,104.790001,106.629997,104.580002,106.470001,104.09066,32336200
27-11-2018,43431,106.269997,107.330002,105.360001,107.139999,104.745682,29124500
28-11-2018,43432,107.889999,111.330002,107.860001,111.120003,108.636749,46788500
29-11-2018,43433,110.330002,111.120003,109.029999,110.190002,107.727531,28123200
30-11-2018,43434,110.699997,110.970001,109.360001,110.889999,108.41188,33665600
03-12-2018,43437,113,113.419998,110.730003,112.089996,109.58506,34732800
04-12-2018,43438,111.940002,112.639999,108.209999,108.519997,106.094833,45197000
06-12-2018,43440,105.82,109.239998,105,109.190002,106.749878,49107400
07-12-2018,43441,108.379997,109.449997,104.300003,104.82,102.477531,45044900
10-12-2018,43444,104.800003,107.980003,103.889999,107.589996,105.185608,40801500
11-12-2018,43445,109.800003,110.949997,107.440002,108.589996,106.163269,42381900
12-12-2018,43446,110.889999,111.269997,109.040001,109.080002,106.642326,36183000
13-12-2018,43447,109.580002,110.870003,108.629997,109.449997,107.004051,31333400
14-12-2018,43448,108.25,109.260002,105.5,106.029999,103.660484,47043100
17-12-2018,43451,105.410004,105.800003,101.709999,102.889999,100.59066,56957300
18-12-2018,43452,103.75,104.510002,102.519997,103.970001,101.646523,49319200
19-12-2018,43453,103.650002,106.879997,101.349998,103.690002,101.372787,68198200
20-12-2018,43454,103.050003,104.309998,98.779999,101.510002,99.241501,70334200
21-12-2018,43455,101.629997,103,97.459999,98.230003,96.03479,111242100
24-12-2018,43458,97.68,97.970001,93.980003,94.129997,92.026421,43935200
26-12-2018,43460,95.139999,100.690002,93.959999,100.559998,98.312729,51634800
27-12-2018,43461,99.300003,101.190002,96.400002,101.18,98.918884,49498500
28-12-2018,43462,102.089996,102.410004,99.519997,100.389999,98.14653,38196300
31-12-2018,43465,101.290001,102.400002,100.440002,101.57,99.300156,33173800
02-01-2019,43467,99.550003,101.75,98.940002,101.120003,98.860214,35329300
03-01-2019,43468,100.099998,100.190002,97.199997,97.400002,95.223351,42579100
04-01-2019,43469,99.720001,102.510002,98.93,101.93,99.652115,44060600
07-01-2019,43472,101.639999,103.269997,100.980003,102.059998,99.779205,35656100
08-01-2019,43473,103.040001,103.970001,101.709999,102.800003,100.50267,31514400
09-01-2019,43474,103.860001,104.879997,103.239998,104.269997,101.939812,32280800
10-01-2019,43475,103.220001,103.75,102.379997,103.599998,101.284798,30067600
11-01-2019,43476,103.190002,103.440002,101.639999,102.800003,100.50267,28314200
14-01-2019,43479,101.900002,102.870003,101.260002,102.050003,99.769432,28437100
15-01-2019,43480,102.510002,105.050003,101.879997,105.010002,102.663292,31587600
16-01-2019,43481,105.260002,106.260002,104.959999,105.379997,103.025009,29853900
17-01-2019,43482,105,106.629997,104.760002,106.120003,103.748474,28393000
18-01-2019,43483,107.459999,107.900002,105.910004,107.709999,105.30294,37427600
22-01-2019,43487,106.75,107.099998,104.860001,105.68,103.318306,32371300
23-01-2019,43488,106.120003,107.040001,105.339996,106.709999,104.325279,25874300
24-01-2019,43489,106.860001,107,105.339996,106.199997,103.826683,23164800
25-01-2019,43490,107.239998,107.879997,106.199997,107.169998,104.775009,31225600
28-01-2019,43493,106.260002,106.480003,104.660004,105.080002,102.73172,29476700
29-01-2019,43494,104.879997,104.970001,102.169998,102.940002,100.639549,31490500
30-01-2019,43495,104.620003,106.379997,104.330002,106.379997,104.00267,49471900
31-01-2019,43496,103.800003,105.220001,103.18,104.43,102.096245,55636400
01-02-2019,43497,103.779999,104.099998,102.349998,102.779999,100.483116,35535700
04-02-2019,43500,102.870003,105.800003,102.769997,105.739998,103.376968,31315100
05-02-2019,43501,106.059998,107.269997,105.959999,107.220001,104.823891,27325400
06-02-2019,43502,107,107,105.529999,106.029999,103.660484,20609800
07-02-2019,43503,105.190002,105.589996,104.290001,105.269997,102.917473,29760700
08-02-2019,43504,104.389999,105.779999,104.260002,105.669998,103.308533,21461100
11-02-2019,43507,106.199997,106.580002,104.970001,105.25,102.897911,18914100
12-02-2019,43508,106.139999,107.139999,105.480003,106.889999,104.501274,25056600
13-02-2019,43509,107.5,107.779999,106.709999,106.809998,104.42305,18394900
14-02-2019,43510,106.309998,107.290001,105.660004,106.900002,104.51104,21784700
15-02-2019,43511,107.910004,108.300003,107.360001,108.220001,105.801544,26606900
19-02-2019,43515,107.790001,108.660004,107.779999,108.169998,105.752663,18038500
20-02-2019,43516,107.860001,107.940002,106.290001,107.150002,105.202843,21607700
21-02-2019,43517,106.900002,109.480003,106.870003,109.410004,107.421776,29063200
22-02-2019,43518,110.050003,111.199997,109.82,110.970001,108.953415,27763200
25-02-2019,43521,111.760002,112.18,111.260002,111.589996,109.562157,23750600
26-02-2019,43522,111.260002,113.239998,111.169998,112.360001,110.318161,21536700
27-02-2019,43523,111.690002,112.360001,110.879997,112.169998,110.131607,21487100
28-02-2019,43524,112.040001,112.879997,111.730003,112.029999,109.994156,29083900
01-03-2019,43525,112.889999,113.019997,111.669998,112.529999,110.485077,23501200
04-03-2019,43528,113.019997,113.25,110.800003,112.260002,110.219971,26608000
05-03-2019,43529,112.25,112.389999,111.230003,111.699997,109.670143,19538300
06-03-2019,43530,111.870003,112.660004,111.43,111.75,109.719246,17687000
07-03-2019,43531,111.400002,111.550003,109.870003,110.389999,108.383957,25339000
08-03-2019,43532,109.160004,110.709999,108.800003,110.510002,108.501778,22818400
11-03-2019,43535,110.989998,112.949997,110.980003,112.830002,110.779625,26491600
12-03-2019,43536,112.82,113.989998,112.650002,113.620003,111.555267,26132700
13-03-2019,43537,114.129997,115,113.779999,114.5,112.419266,35513800
14-03-2019,43538,114.540001,115.199997,114.330002,114.589996,112.507637,30763400
15-03-2019,43539,115.339996,117.25,114.589996,115.910004,113.803658,54681100
18-03-2019,43542,116.169998,117.610001,116.050003,117.57,115.433472,31207600
19-03-2019,43543,118.089996,118.440002,116.989998,117.650002,115.512032,37588700
20-03-2019,43544,117.389999,118.75,116.709999,117.519997,115.384392,28113300
21-03-2019,43545,117.139999,120.82,117.089996,120.220001,118.035339,29854400
22-03-2019,43546,119.5,119.589996,117.040001,117.050003,114.922935,33624500
25-03-2019,43549,116.559998,118.010002,116.32,117.660004,115.521858,27067100
26-03-2019,43550,118.620003,118.709999,116.849998,117.910004,115.767303,26097700
27-03-2019,43551,117.879997,118.209999,115.519997,116.769997,114.64801,22733400
28-03-2019,43552,117.440002,117.580002,116.129997,116.93,114.805107,18334800
29-03-2019,43553,118.07,118.32,116.959999,117.940002,115.796768,25399800
01-04-2019,43556,118.949997,119.110001,118.099998,119.019997,116.857132,22789100
02-04-2019,43557,119.059998,119.480003,118.519997,119.190002,117.02404,18142300
03-04-2019,43558,119.860001,120.43,119.150002,119.970001,117.789879,22860700
04-04-2019,43559,120.099998,120.230003,118.379997,119.360001,117.190964,20112800
05-04-2019,43560,119.389999,120.230003,119.370003,119.889999,117.711327,15826200
08-04-2019,43563,119.809998,120.019997,118.639999,119.93,117.750595,15116200
09-04-2019,43564,118.629997,119.540001,118.580002,119.279999,117.112396,17612000
10-04-2019,43565,119.760002,120.349998,119.540001,120.190002,118.005875,16477200
11-04-2019,43566,120.540001,120.849998,119.919998,120.330002,118.143326,14209100
12-04-2019,43567,120.639999,120.980003,120.370003,120.949997,118.75206,19745100
15-04-2019,43570,120.940002,121.580002,120.57,121.050003,118.850243,15792600
16-04-2019,43571,121.639999,121.650002,120.099998,120.769997,118.575325,14071800
17-04-2019,43572,121.239998,121.849998,120.540001,121.769997,119.557159,19300900
18-04-2019,43573,122.190002,123.519997,121.300003,123.370003,121.128082,27991000
22-04-2019,43577,122.620003,124,122.57,123.760002,121.510994,15648700
23-04-2019,43578,124.099998,125.580002,123.830002,125.440002,123.160469,24025500
24-04-2019,43579,125.790001,125.849998,124.519997,125.010002,122.738281,31257000
25-04-2019,43580,130.059998,131.369995,128.830002,129.149994,126.803055,38033900
26-04-2019,43581,129.699997,130.520004,129.020004,129.889999,127.529594,23654900
29-04-2019,43584,129.899994,130.179993,129.350006,129.770004,127.411781,16324200
30-04-2019,43585,129.809998,130.699997,129.389999,130.600006,128.2267,24166500
01-05-2019,43586,130.529999,130.649994,127.699997,127.879997,125.556122,26821700
02-05-2019,43587,127.980003,128,125.519997,126.209999,123.916473,27350200
03-05-2019,43588,127.360001,129.429993,127.25,128.899994,126.557594,24911100
06-05-2019,43591,126.389999,128.559998,126.110001,128.149994,125.821205,24239800
07-05-2019,43592,126.459999,127.18,124.220001,125.519997,123.239006,36017700
08-05-2019,43593,125.440002,126.370003,124.75,125.510002,123.229202,28419000
09-05-2019,43594,124.290001,125.790001,123.57,125.5,123.219376,27235800
10-05-2019,43595,124.910004,127.93,123.82,127.129997,124.819756,30915100
13-05-2019,43598,124.110001,125.550003,123.040001,123.349998,121.108444,33944900
14-05-2019,43599,123.870003,125.879997,123.699997,124.730003,122.463371,25266300
15-05-2019,43600,124.260002,126.709999,123.699997,126.019997,124.187927,24722700
16-05-2019,43601,126.75,129.380005,126.459999,128.929993,127.055618,30112200
17-05-2019,43602,128.309998,130.460007,127.919998,128.070007,126.208138,25770500
20-05-2019,43605,126.519997,127.589996,125.760002,126.220001,124.385033,23706900
21-05-2019,43606,127.43,127.529999,126.580002,126.900002,125.055145,15293300
22-05-2019,43607,126.620003,128.240005,126.519997,127.669998,125.813942,15396500
23-05-2019,43608,126.199997,126.290001,124.739998,126.18,124.345612,23603800
24-05-2019,43609,126.910004,127.419998,125.970001,126.239998,124.404724,14123400
28-05-2019,43613,126.980003,128,126.050003,126.160004,124.325905,23128400
29-05-2019,43614,125.379997,125.389999,124.040001,124.940002,123.123634,22763100
30-05-2019,43615,125.260002,125.760002,124.779999,125.730003,123.902145,16829600
31-05-2019,43616,124.230003,124.620003,123.32,123.68,121.88195,26646800
03-06-2019,43619,123.849998,124.370003,119.010002,119.839996,118.097771,37983600
04-06-2019,43620,121.279999,123.279999,120.650002,123.160004,121.369514,29382600
05-06-2019,43621,124.949997,125.870003,124.209999,125.830002,124.000694,24926100
06-06-2019,43622,126.440002,127.970001,125.599998,127.82,125.961761,21459000
07-06-2019,43623,129.190002,132.25,128.259995,131.399994,129.4897,33885600
10-06-2019,43626,132.399994,134.080002,132,132.600006,130.672287,26477100
11-06-2019,43627,133.880005,134.240005,131.279999,132.100006,130.17955,23913700
12-06-2019,43628,131.399994,131.970001,130.710007,131.490005,129.578415,17084700
13-06-2019,43629,131.979996,133,131.559998,132.320007,130.396332,17200800
14-06-2019,43630,132.259995,133.789993,131.639999,132.449997,130.52446,17821700
17-06-2019,43633,132.630005,133.729996,132.529999,132.850006,130.918655,14517800
18-06-2019,43634,134.190002,135.240005,133.570007,135.160004,133.195053,25934500
19-06-2019,43635,135,135.929993,133.809998,135.690002,133.717361,23744400
20-06-2019,43636,137.449997,137.660004,135.720001,136.949997,134.959015,33042600
21-06-2019,43637,136.580002,137.729996,136.460007,136.970001,134.97876,36727900
24-06-2019,43640,137,138.399994,137,137.779999,135.776962,20628800
25-06-2019,43641,137.25,137.589996,132.729996,133.429993,131.490189,33327400
26-06-2019,43642,134.350006,135.740005,133.600006,133.929993,131.982925,23657700
27-06-2019,43643,134.139999,134.710007,133.509995,134.149994,132.199722,16557500
28-06-2019,43644,134.570007,134.600006,133.160004,133.960007,132.012497,30043000
01-07-2019,43647,136.630005,136.699997,134.970001,135.679993,133.707489,22654200
02-07-2019,43648,136.119995,136.589996,135.339996,136.580002,134.594391,15237800
03-07-2019,43649,136.800003,137.740005,136.289993,137.460007,135.461609,13629300
05-07-2019,43651,135.940002,137.330002,135.720001,137.059998,135.067429,18141100
08-07-2019,43654,136.399994,137.100006,135.369995,136.960007,134.968887,16779700
09-07-2019,43655,136,136.970001,135.800003,136.460007,134.476166,19953100
10-07-2019,43656,137.130005,138.580002,137.020004,137.850006,135.845963,24204400
11-07-2019,43657,138.199997,139.220001,137.869995,138.399994,136.387939,22327900
12-07-2019,43658,138.850006,139.130005,138.009995,138.899994,136.880676,18936800
15-07-2019,43661,139.440002,139.539993,138.460007,138.899994,136.880676,16651500
16-07-2019,43662,138.960007,139.050003,136.520004,137.080002,135.087128,22726100
17-07-2019,43663,137.699997,137.929993,136.220001,136.270004,134.288925,20211000
18-07-2019,43664,135.550003,136.619995,134.669998,136.419998,134.436737,30808700
19-07-2019,43665,140.220001,140.669998,136.449997,136.619995,134.63382,48992400
22-07-2019,43668,137.410004,139.190002,137.330002,138.429993,136.417511,25074900
23-07-2019,43669,139.759995,139.990005,138.029999,139.289993,137.264999,18034600
24-07-2019,43670,138.899994,140.740005,138.850006,140.720001,138.674225,20738300
25-07-2019,43671,140.429993,140.610001,139.320007,140.190002,138.151932,18356900
26-07-2019,43672,140.369995,141.679993,140.300003,141.339996,139.285202,19037600
29-07-2019,43675,141.5,141.509995,139.369995,141.029999,138.979721,16605900
30-07-2019,43676,140.139999,141.220001,139.800003,140.350006,138.309601,16846500
31-07-2019,43677,140.330002,140.490005,135.080002,136.270004,134.288925,38598800
01-08-2019,43678,137,140.940002,136.929993,138.059998,136.052872,40557500
02-08-2019,43679,138.089996,138.320007,135.259995,136.899994,134.909729,30791600
05-08-2019,43682,133.300003,133.929993,130.779999,132.210007,130.287949,42749600
06-08-2019,43683,133.800003,135.679993,133.210007,134.690002,132.731888,32696700
07-08-2019,43684,133.789993,135.649994,131.830002,135.279999,133.313278,33414500
08-08-2019,43685,136.600006,138.990005,135.929993,138.889999,136.870834,27496500
09-08-2019,43686,138.610001,139.380005,136.460007,137.710007,135.707993,23466700
12-08-2019,43689,137.070007,137.860001,135.240005,135.789993,133.815887,20476600
13-08-2019,43690,136.050003,138.800003,135,138.600006,136.585052,25154600
14-08-2019,43691,136.360001,136.919998,133.669998,133.979996,132.471863,32527300
15-08-2019,43692,134.389999,134.580002,132.25,133.679993,132.175247,28074400
16-08-2019,43693,134.880005,136.460007,134.720001,136.130005,134.597687,24449100
19-08-2019,43696,137.850006,138.550003,136.889999,138.410004,136.85202,24355700
20-08-2019,43697,138.210007,138.710007,137.240005,137.259995,135.714951,21170800
21-08-2019,43698,138.550003,139.490005,138,138.789993,137.227707,14970300
22-08-2019,43699,138.660004,139.199997,136.289993,137.779999,136.22908,18697000
23-08-2019,43700,137.190002,138.350006,132.800003,133.389999,131.888504,38508600
26-08-2019,43703,134.990005,135.559998,133.899994,135.449997,133.925323,20312600
27-08-2019,43704,136.389999,136.720001,134.660004,135.740005,134.212051,23102100
28-08-2019,43705,134.880005,135.759995,133.550003,135.559998,134.034073,17393300
29-08-2019,43706,137.25,138.440002,136.910004,138.119995,136.565262,20168700
30-08-2019,43707,139.149994,139.179993,136.270004,137.860001,136.308212,23940100
03-09-2019,43711,136.610001,137.199997,135.699997,136.039993,134.508682,18869300
04-09-2019,43712,137.300003,137.690002,136.479996,137.630005,136.080795,17995900
05-09-2019,43713,139.110001,140.380005,138.759995,140.050003,138.473541,26101800
06-09-2019,43714,140.029999,140.179993,138.199997,139.100006,137.534241,20824500
09-09-2019,43717,139.589996,139.75,136.460007,137.520004,135.972031,25773900
10-09-2019,43718,136.800003,136.889999,134.509995,136.080002,134.548248,28903400
11-09-2019,43719,135.910004,136.270004,135.089996,136.119995,134.587753,24726100
12-09-2019,43720,137.850006,138.419998,136.869995,137.520004,135.972031,27010000
13-09-2019,43721,137.779999,138.059998,136.570007,137.320007,135.774261,23363100
16-09-2019,43724,135.830002,136.699997,135.660004,136.330002,134.795425,16731400
17-09-2019,43725,136.960007,137.520004,136.429993,137.389999,135.843506,17814200
18-09-2019,43726,137.360001,138.669998,136.529999,138.520004,136.96077,23982100
19-09-2019,43727,140.300003,142.369995,140.070007,141.070007,139.482071,35772100
20-09-2019,43728,141.009995,141.649994,138.25,139.440002,137.870407,39167300
23-09-2019,43731,139.229996,139.630005,138.440002,139.139999,137.573776,17139300
24-09-2019,43732,140.360001,140.690002,136.880005,137.380005,135.833603,29773200
25-09-2019,43733,137.5,139.960007,136.029999,139.360001,137.791306,21382000
26-09-2019,43734,139.440002,140.179993,138.440002,139.539993,137.969284,17456600
27-09-2019,43735,140.149994,140.360001,136.649994,137.729996,136.179642,22477700
30-09-2019,43738,138.050003,139.220001,137.779999,139.029999,137.465027,17280900
01-10-2019,43739,139.660004,140.25,137,137.070007,135.5271,21466600
02-10-2019,43740,136.25,136.369995,133.580002,134.649994,133.134323,30521700
03-10-2019,43741,134.949997,136.75,133.220001,136.279999,134.745972,24132900
04-10-2019,43742,136.75,138.25,136.419998,138.119995,136.565262,22897700
07-10-2019,43745,137.139999,138.179993,137.020004,137.119995,135.576523,15303700
08-10-2019,43746,137.080002,137.759995,135.619995,135.669998,134.142853,25550500
09-10-2019,43747,137.460007,138.699997,136.970001,138.240005,136.683914,19749900
10-10-2019,43748,138.490005,139.669998,138.25,139.100006,137.534241,17654600
11-10-2019,43749,140.119995,141.029999,139.5,139.679993,138.107697,25446000
14-10-2019,43752,139.690002,140.289993,139.520004,139.550003,137.979172,13304300
15-10-2019,43753,140.059998,141.789993,139.809998,141.570007,139.97644,19695700
16-10-2019,43754,140.789993,140.990005,139.529999,140.410004,138.829483,20751600
17-10-2019,43755,140.949997,141.419998,139.020004,139.690002,138.117584,21460600
18-10-2019,43756,139.759995,140,136.559998,137.410004,135.863251,32273500
21-10-2019,43759,138.449997,138.5,137.009995,138.429993,136.871765,20078200
22-10-2019,43760,138.970001,140.009995,136.259995,136.369995,134.834961,27431000
23-10-2019,43761,136.880005,137.449997,135.610001,137.240005,135.69519,29844600
24-10-2019,43762,139.389999,140.419998,138.669998,139.940002,138.364792,37029300
25-10-2019,43763,139.339996,141.139999,139.199997,140.729996,139.145874,25959700
28-10-2019,43766,144.399994,145.669998,143.509995,144.190002,142.56694,35280100
29-10-2019,43767,144.080002,144.5,142.649994,142.830002,141.222244,20589500
30-10-2019,43768,143.520004,145,142.789993,144.610001,142.982224,18496600
31-10-2019,43769,144.899994,144.929993,142.990005,143.369995,141.756165,24605100
01-11-2019,43770,144.259995,144.419998,142.970001,143.720001,142.102234,33128400
04-11-2019,43773,144.830002,145,144.160004,144.550003,142.922897,16912000
05-11-2019,43774,144.970001,145.020004,143.910004,144.460007,142.833923,18250200
06-11-2019,43775,144.369995,144.520004,143.199997,144.059998,142.4384,16575800
07-11-2019,43776,143.839996,144.880005,143.770004,144.259995,142.636139,17786700
08-11-2019,43777,143.979996,145.990005,143.759995,145.960007,144.317017,16732700
11-11-2019,43780,145.339996,146.419998,144.729996,146.110001,144.465332,14362600
12-11-2019,43781,146.279999,147.570007,146.059998,147.070007,145.41452,18641600
13-11-2019,43782,146.740005,147.460007,146.279999,147.309998,145.651825,16919200
14-11-2019,43783,147.020004,148.410004,147,148.059998,146.393372,19729800
15-11-2019,43784,148.929993,149.990005,148.270004,149.970001,148.281891,23485700
18-11-2019,43787,150.070007,150.550003,148.979996,150.339996,148.64772,21534000
19-11-2019,43788,150.880005,151.330002,150.199997,150.389999,148.697144,23935700
20-11-2019,43789,150.309998,150.839996,148.460007,149.619995,148.439194,25696800
21-11-2019,43790,149.399994,149.800003,148.5,149.479996,148.300293,18576100
22-11-2019,43791,150.070007,150.300003,148.820007,149.589996,148.409439,15901800
25-11-2019,43794,150,151.350006,149.919998,151.229996,150.036499,22420900
26-11-2019,43795,151.360001,152.419998,151.320007,152.029999,150.830185,24620100
27-11-2019,43796,152.330002,152.5,151.520004,152.320007,151.117905,15184400
29-11-2019,43798,152.100006,152.300003,151.279999,151.380005,150.185318,11977300
02-12-2019,43801,151.809998,151.830002,148.320007,149.550003,148.369766,27418400
03-12-2019,43802,147.490005,149.429993,146.649994,149.309998,148.131653,24066000
04-12-2019,43803,150.139999,150.179993,149.199997,149.850006,148.667389,17574700
05-12-2019,43804,150.050003,150.320007,149.479996,149.929993,148.74675,17869100
06-12-2019,43805,150.990005,151.869995,150.270004,151.75,150.552383,16403500
09-12-2019,43808,151.070007,152.210007,150.910004,151.360001,150.165482,16687400
10-12-2019,43809,151.289993,151.889999,150.759995,151.130005,149.937302,16476100
11-12-2019,43810,151.539993,151.869995,150.330002,151.699997,150.502777,18856600
12-12-2019,43811,151.649994,153.440002,151.020004,153.240005,152.03064,24612100
13-12-2019,43812,153,154.889999,152.830002,154.529999,153.310455,23845400
16-12-2019,43815,155.110001,155.899994,154.820007,155.529999,154.302551,24144200
17-12-2019,43816,155.449997,155.710007,154.449997,154.690002,153.469193,25425600
18-12-2019,43817,154.300003,155.479996,154.179993,154.369995,153.151733,24129200
19-12-2019,43818,154,155.770004,153.75,155.710007,154.481155,24958900
20-12-2019,43819,157.350006,158.490005,156.289993,157.410004,156.16774,53477500
23-12-2019,43822,158.119995,158.119995,157.270004,157.410004,156.16774,17718200
24-12-2019,43823,157.479996,157.710007,157.119995,157.380005,156.137955,8989200
26-12-2019,43825,157.559998,158.729996,157.399994,158.669998,157.417786,14520600
27-12-2019,43826,159.449997,159.550003,158.220001,158.960007,157.705505,18412800
30-12-2019,43829,158.990005,159.020004,156.729996,157.589996,156.346298,16348400
31-12-2019,43830,156.770004,157.770004,156.449997,157.699997,156.455429,18369400
02-01-2020,43832,158.779999,160.729996,158.330002,160.619995,159.352386,22622100
03-01-2020,43833,158.320007,159.949997,158.059998,158.619995,157.368179,21116200
06-01-2020,43836,157.080002,159.100006,156.509995,159.029999,157.774948,20813700
07-01-2020,43837,159.320007,159.669998,157.320007,157.580002,156.336395,21634100
08-01-2020,43838,158.929993,160.800003,157.949997,160.089996,158.826569,27746500
09-01-2020,43839,161.839996,162.220001,161.029999,162.089996,160.810776,21385000
10-01-2020,43840,162.820007,163.220001,161.179993,161.339996,160.066711,20725900
13-01-2020,43843,161.759995,163.309998,161.259995,163.279999,161.991394,21626500
14-01-2020,43844,163.389999,163.600006,161.720001,162.130005,160.850479,23477400
15-01-2020,43845,162.619995,163.940002,162.570007,163.179993,161.892197,21417900
16-01-2020,43846,164.350006,166.240005,164.029999,166.169998,164.858597,23865400
17-01-2020,43847,167.419998,167.470001,165.429993,167.100006,165.781265,34371700
21-01-2020,43851,166.679993,168.190002,166.429993,166.5,165.185989,29517200
22-01-2020,43852,167.399994,167.490005,165.679993,165.699997,164.392303,24138800
23-01-2020,43853,166.190002,166.800003,165.270004,166.720001,165.404251,19680800
24-01-2020,43854,167.509995,167.529999,164.449997,165.039993,163.737518,24918100
27-01-2020,43857,161.149994,163.380005,160.199997,162.279999,160.999283,32078100
28-01-2020,43858,163.779999,165.759995,163.070007,165.460007,164.154221,24899900
29-01-2020,43859,167.839996,168.75,165.690002,168.039993,166.713821,34754500
30-01-2020,43860,174.050003,174.050003,170.789993,172.779999,171.416428,51597500
31-01-2020,43861,172.210007,172.399994,169.580002,170.229996,168.886551,36142700
03-02-2020,43864,170.429993,174.5,170.399994,174.380005,173.003815,30149100
04-02-2020,43865,177.139999,180.639999,176.309998,180.119995,178.698502,36433300
05-02-2020,43866,184.029999,184.199997,178.410004,179.899994,178.48024,39186300
06-02-2020,43867,180.970001,183.820007,180.059998,183.630005,182.180817,27751400
07-02-2020,43868,182.850006,185.630005,182.479996,183.889999,182.438751,33529100
10-02-2020,43871,183.580002,188.839996,183.25,188.699997,187.210785,35844300
11-02-2020,43872,190.649994,190.699997,183.5,184.440002,182.984406,53159900
12-02-2020,43873,185.580002,185.850006,181.850006,184.710007,183.252274,47062900
13-02-2020,43874,183.080002,186.229996,182.869995,183.710007,182.260178,35295800
14-02-2020,43875,183.25,185.410004,182.649994,185.350006,183.887222,23149500
18-02-2020,43879,185.610001,187.699997,185.5,187.229996,185.752396,27792200
19-02-2020,43880,188.059998,188.179993,186.470001,187.279999,186.309494,29997500
20-02-2020,43881,186.949997,187.25,181.100006,184.419998,183.46431,36862400
21-02-2020,43882,183.169998,183.5,177.25,178.589996,177.66452,48572600
24-02-2020,43885,167.770004,174.550003,163.229996,170.889999,170.004425,68311100
25-02-2020,43886,174.199997,174.839996,167.649994,168.070007,167.199051,68073300
26-02-2020,43887,169.710007,173.259995,168.210007,170.169998,169.288147,56206100
27-02-2020,43888,163.320007,167.029999,157.979996,158.179993,157.360291,93174900
28-02-2020,43889,152.410004,163.710007,152,162.009995,161.170441,97073600
02-03-2020,43892,165.309998,172.919998,162.309998,172.789993,171.894577,71030800
03-03-2020,43893,173.800003,175,162.259995,164.509995,163.657486,71677000
04-03-2020,43894,168.490005,170.699997,165.619995,170.550003,169.666183,49814400
05-03-2020,43895,166.050003,170.869995,165.690002,166.270004,165.408371,47817300
06-03-2020,43896,162.610001,163.110001,156,161.570007,160.732742,72821100
09-03-2020,43899,151,157.75,150,150.619995,149.839462,70419300
10-03-2020,43900,158.160004,161.029999,152.580002,160.919998,160.08609,65354400
11-03-2020,43901,157.130005,157.699997,151.149994,153.630005,152.833878,56371600
12-03-2020,43902,145.300003,153.470001,138.580002,139.059998,138.339371,93226400
13-03-2020,43903,147.5,161.910004,140.729996,158.830002,158.006912,92727400
16-03-2020,43906,140,149.350006,135,135.419998,134.718231,87905900
17-03-2020,43907,140,147.5,135,146.570007,145.810471,81059800
18-03-2020,43908,138,146,135.020004,140.399994,139.672424,81593200
19-03-2020,43909,142.770004,150.149994,139,142.710007,141.970474,85922700
20-03-2020,43910,146,147.100006,135.860001,137.350006,136.638245,84866200
23-03-2020,43913,137.009995,140.570007,132.520004,135.979996,135.275345,78975200
24-03-2020,43914,143.75,149.600006,141.270004,148.339996,147.571289,82516700
25-03-2020,43915,148.910004,154.330002,144.440002,146.919998,146.15863,75638200
26-03-2020,43916,148.399994,156.660004,148.369995,156.110001,155.301025,64568100
27-03-2020,43917,151.75,154.889999,149.199997,149.699997,148.924225,57042300
30-03-2020,43920,152.440002,160.600006,150.009995,160.229996,159.399673,63420300
31-03-2020,43921,159.399994,164.779999,156.559998,157.710007,156.892731,77927200
01-04-2020,43922,153,157.75,150.820007,152.110001,151.321747,57969900
02-04-2020,43923,151.860001,155.479996,150.360001,155.259995,154.455414,49630700
03-04-2020,43924,155.100006,157.380005,152.190002,153.830002,153.032837,41243300
06-04-2020,43927,160.320007,166.5,157.580002,165.270004,164.413544,67111700
07-04-2020,43928,169.589996,170,163.259995,163.490005,162.642776,62769000
08-04-2020,43929,165.669998,166.669998,163.5,165.130005,164.274277,48318200
09-04-2020,43930,166.360001,167.369995,163.330002,165.139999,164.284225,51431800
13-04-2020,43934,164.350006,165.570007,162.300003,165.509995,164.652313,41905300
14-04-2020,43935,169,173.75,168,173.699997,172.799866,52874300
15-04-2020,43936,171.199997,173.570007,169.240005,171.880005,170.989304,40940800
16-04-2020,43937,174.300003,177.279999,172.899994,177.039993,176.122543,50479600
17-04-2020,43938,179.5,180,175.869995,178.600006,177.674484,52765600
20-04-2020,43941,176.630005,178.75,174.990005,175.059998,174.152817,36669600
21-04-2020,43942,173.5,173.669998,166.110001,167.820007,166.950348,56203700
22-04-2020,43943,171.389999,174,170.820007,173.520004,172.620804,34651600
23-04-2020,43944,174.110001,175.059998,170.910004,171.419998,170.531677,32790800
24-04-2020,43945,172.059998,174.559998,170.710007,174.550003,173.645462,34305300
27-04-2020,43948,176.589996,176.899994,173.300003,174.050003,173.148056,33194400
28-04-2020,43949,175.589996,175.669998,169.389999,169.809998,168.930023,34276600
29-04-2020,43950,173.220001,177.679993,171.880005,177.429993,176.510529,51286600
30-04-2020,43951,180,180.399994,176.229996,179.210007,178.281311,53661300
01-05-2020,43952,175.800003,178.639999,174.009995,174.570007,173.665375,39370500
04-05-2020,43955,174.490005,179,173.800003,178.839996,177.913223,30372900
05-05-2020,43956,180.619995,183.649994,179.899994,180.759995,179.823273,36839200
06-05-2020,43957,182.080002,184.199997,181.630005,182.539993,181.594055,32139300
07-05-2020,43958,184.169998,184.550003,182.580002,183.600006,182.648575,28316000
08-05-2020,43959,184.979996,185,183.360001,184.679993,183.722946,30912600
11-05-2020,43962,183.149994,187.509995,182.850006,186.740005,185.772293,30809400
12-05-2020,43963,186.800003,187.039993,182.300003,182.509995,181.564194,32038200
13-05-2020,43964,182.550003,184.050003,176.539993,179.75,178.818512,44711500
14-05-2020,43965,177.539993,180.690002,175.679993,180.529999,179.594467,41873900
15-05-2020,43966,179.059998,187.059998,177,183.160004,182.210846,46610400
18-05-2020,43969,185.75,186.199997,183.960007,184.910004,183.951767,35306600
19-05-2020,43970,185.029999,186.600006,183.490005,183.630005,182.678406,26799100
20-05-2020,43971,184.809998,185.850006,183.940002,185.660004,185.21228,31261300
21-05-2020,43972,185.399994,186.669998,183.289993,183.429993,182.987656,29119500
22-05-2020,43973,183.190002,184.460007,182.539993,183.509995,183.067459,20826900
26-05-2020,43977,186.339996,186.5,181.100006,181.570007,181.132156,36073600
27-05-2020,43978,180.199997,181.990005,176.600006,181.809998,181.371567,39517100
28-05-2020,43979,180.740005,184.149994,180.380005,181.399994,180.962555,33810200
29-05-2020,43980,182.729996,184.270004,180.410004,183.25,182.80809,42146700
01-06-2020,43983,182.539993,183,181.460007,182.830002,182.389114,22622400
02-06-2020,43984,184.25,185,181.350006,184.910004,184.464096,30794600
03-06-2020,43985,184.820007,185.940002,183.580002,185.360001,184.91301,27311000
04-06-2020,43986,184.300003,185.839996,182.300003,182.919998,182.478882,28761800
05-06-2020,43987,182.619995,187.729996,182.009995,187.199997,186.748566,39893600
08-06-2020,43990,185.940002,188.550003,184.440002,188.360001,187.905777,33211600
09-06-2020,43991,188,190.699997,187.259995,189.800003,189.3423,29783900
10-06-2020,43992,191.130005,198.520004,191.009995,196.839996,196.365326,43872300
11-06-2020,43993,193.130005,195.759995,186.070007,186.270004,185.820816,52854700
12-06-2020,43994,190.539993,191.720001,185.179993,187.740005,187.287277,43345700
15-06-2020,43997,184.580002,190.820007,184.009995,188.940002,188.484375,32770200
16-06-2020,43998,192.889999,195.580002,191.460007,193.570007,193.10321,42556700
17-06-2020,43999,195.029999,196.320007,193.690002,194.240005,193.771591,25655900
18-06-2020,44000,194,196.490005,194,196.320007,195.846588,23061600
19-06-2020,44001,198.589996,199.289993,194.369995,195.149994,194.679398,44441100
22-06-2020,44004,195.789993,200.759995,195.229996,200.570007,200.086334,32818900
23-06-2020,44005,202.089996,203.949997,201.429993,201.910004,201.423096,30917400
24-06-2020,44006,201.600006,203.25,196.559998,197.839996,197.362915,36740600
25-06-2020,44007,197.800003,200.610001,195.470001,200.339996,199.856873,27803900
26-06-2020,44008,199.729996,199.889999,194.880005,196.330002,195.856552,54675800
29-06-2020,44011,195.779999,198.529999,193.550003,198.440002,197.961472,26701600
30-06-2020,44012,197.880005,204.399994,197.740005,203.509995,203.019226,34310300
01-07-2020,44013,203.139999,206.350006,201.770004,204.699997,204.20636,32061200
02-07-2020,44014,205.679993,208.020004,205,206.259995,205.762604,29315800
06-07-2020,44018,208.830002,211.130005,208.089996,210.699997,210.191895,31897600
07-07-2020,44019,210.449997,214.669998,207.990005,208.25,207.747803,33600700
08-07-2020,44020,210.070007,213.259995,208.690002,212.830002,212.316772,33600000
09-07-2020,44021,216.330002,216.380005,211.470001,214.320007,213.803177,33121700
10-07-2020,44022,213.619995,214.080002,211.080002,213.669998,213.154739,26177600
13-07-2020,44025,214.479996,215.800003,206.5,207.070007,206.570663,38135600
14-07-2020,44026,206.130005,208.850006,202.029999,208.350006,207.84758,37591800
15-07-2020,44027,209.559998,211.330002,205.029999,208.039993,207.538315,32179400
16-07-2020,44028,205.399994,205.699997,202.309998,203.919998,203.428253,29940700
17-07-2020,44029,204.470001,205.039993,201.389999,202.880005,202.390762,31635300
20-07-2020,44032,205,212.300003,203.009995,211.600006,211.089737,36884800
21-07-2020,44033,213.660004,213.940002,208.029999,208.75,208.246597,38105800
22-07-2020,44034,209.199997,212.300003,208.389999,211.75,211.239365,49605700
23-07-2020,44035,207.190002,210.919998,202.149994,202.539993,202.051575,67457000
24-07-2020,44036,200.419998,202.860001,197.509995,201.300003,200.814575,39827000
27-07-2020,44039,201.470001,203.970001,200.860001,203.850006,203.358429,30160900
28-07-2020,44040,203.610001,204.699997,201.740005,202.020004,201.532837,23251400
29-07-2020,44041,202.5,204.649994,202.009995,204.059998,203.567917,19632600
30-07-2020,44042,201,204.460007,199.570007,203.899994,203.408295,25079600
31-07-2020,44043,204.399994,205.100006,199.009995,205.009995,204.51561,51248000
03-08-2020,44046,211.520004,217.639999,210.440002,216.539993,216.017807,78983000
04-08-2020,44047,214.169998,214.770004,210.309998,213.289993,212.77565,49280100
05-08-2020,44048,214.899994,215,211.570007,212.940002,212.426498,28858600
06-08-2020,44049,212.339996,216.369995,211.550003,216.350006,215.828278,32656800
07-08-2020,44050,214.850006,215.699997,210.929993,212.479996,211.967606,27789600
10-08-2020,44053,211.669998,211.880005,206.350006,208.25,207.747803,36716500
11-08-2020,44054,207.160004,207.649994,203.139999,203.380005,202.889557,36446500
12-08-2020,44055,205.289993,210.279999,204.75,209.190002,208.685547,28041400
13-08-2020,44056,209.440002,211.350006,208.149994,208.699997,208.196716,22588900
14-08-2020,44057,208.759995,209.589996,207.509995,208.899994,208.39624,17958900
17-08-2020,44060,209.600006,211.190002,208.919998,210.279999,209.772919,20184800
18-08-2020,44061,210.529999,212.360001,209.210007,211.490005,210.979996,21336200
19-08-2020,44062,211.490005,212.100006,209.25,209.699997,209.699997,27627600
20-08-2020,44063,209.539993,215,208.910004,214.580002,214.580002,26981500
21-08-2020,44064,213.860001,216.25,212.850006,213.020004,213.020004,36249300
24-08-2020,44067,214.789993,215.520004,212.429993,213.690002,213.690002,25460100
25-08-2020,44068,213.100006,216.610001,213.100006,216.470001,216.470001,23043700
26-08-2020,44069,217.880005,222.089996,217.360001,221.149994,221.149994,39600800
27-08-2020,44070,222.889999,231.149994,219.399994,226.580002,226.580002,57602200
28-08-2020,44071,228.179993,230.639999,226.580002,228.910004,228.910004,26292900
31-08-2020,44074,227,228.699997,224.309998,225.529999,225.529999,28774200
01-09-2020,44075,225.509995,227.449997,224.429993,227.270004,227.270004,25791200
02-09-2020,44076,227.970001,232.860001,227.350006,231.649994,231.649994,34080800
03-09-2020,44077,229.270004,229.309998,214.960007,217.300003,217.300003,58400300
04-09-2020,44078,215.100006,218.360001,205.190002,214.25,214.25,59664100
08-09-2020,44082,206.5,210.029999,202.199997,202.660004,202.660004,52924300
09-09-2020,44083,207.600006,214.839996,206.699997,211.289993,211.289993,45679000
10-09-2020,44084,213.399994,214.740005,204.110001,205.369995,205.369995,35461500
11-09-2020,44085,207.199997,208.630005,201.240005,204.029999,204.029999,33620100
14-09-2020,44088,204.240005,209.199997,204.029999,205.410004,205.410004,30375800
15-09-2020,44089,208.419998,209.779999,206.929993,208.779999,208.779999,21823900
16-09-2020,44090,210.619995,210.649994,204.639999,205.050003,205.050003,26328100
17-09-2020,44091,200.050003,204.330002,199.960007,202.910004,202.910004,34011300
18-09-2020,44092,202.800003,203.649994,196.25,200.389999,200.389999,55225300
21-09-2020,44095,197.190002,202.710007,196.380005,202.539993,202.539993,39839700
22-09-2020,44096,205.059998,208.100006,202.080002,207.419998,207.419998,33517100
23-09-2020,44097,207.899994,208.100006,200.029999,200.589996,200.589996,30803800
24-09-2020,44098,199.850006,205.570007,199.199997,203.190002,203.190002,31202500
25-09-2020,44099,203.550003,209.039993,202.539993,207.820007,207.820007,29437300
28-09-2020,44102,210.880005,212.570007,208.059998,209.440002,209.440002,32004900
29-09-2020,44103,209.350006,210.070007,206.809998,207.259995,207.259995,24221900
30-09-2020,44104,207.729996,211.979996,206.539993,210.330002,210.330002,33780700
01-10-2020,44105,213.490005,213.990005,211.320007,212.460007,212.460007,27158400
02-10-2020,44106,208,210.990005,205.539993,206.190002,206.190002,33154800
05-10-2020,44109,207.220001,210.410004,206.979996,210.380005,210.380005,21331600
06-10-2020,44110,208.820007,210.179993,204.820007,205.910004,205.910004,28554300
07-10-2020,44111,207.059998,210.110001,206.720001,209.830002,209.830002,25681100
08-10-2020,44112,210.509995,211.190002,208.320007,210.580002,210.580002,19925800
09-10-2020,44113,211.229996,215.860001,211.229996,215.809998,215.809998,26458000
12-10-2020,44116,218.789993,223.860001,216.809998,221.399994,221.399994,40461400
13-10-2020,44117,222.720001,225.210007,220.429993,222.860001,222.860001,28950800
14-10-2020,44118,223,224.220001,219.130005,220.860001,220.860001,23451700
15-10-2020,44119,217.100006,220.360001,216.009995,219.660004,219.660004,22733100
16-10-2020,44120,220.149994,222.289993,219.320007,219.660004,219.660004,26057900
19-10-2020,44123,220.419998,222.300003,213.720001,214.220001,214.220001,27625800
20-10-2020,44124,215.800003,217.369995,213.089996,214.649994,214.649994,22753500
21-10-2020,44125,213.119995,216.919998,213.119995,214.800003,214.800003,22724900
22-10-2020,44126,213.929993,216.059998,211.699997,214.889999,214.889999,22351500
23-10-2020,44127,215.029999,216.279999,213.160004,216.229996,216.229996,18879600
26-10-2020,44130,213.850006,216.339996,208.100006,210.080002,210.080002,37111600
27-10-2020,44131,211.589996,214.669998,210.330002,213.25,213.25,35762400
